uuid,name,start_time,end_time,duration,dialogue_turns,input_tokens,output_tokens
088bc3ea-3a62-46a0-ae11-a928b703dbb9,Comparing Decimal Values,2024-09-13 02:23:30.195194+00:00,2024-09-13 02:23:35.955194+00:00,0.0,2,13,12
45b4cc1f-5e06-445a-afc5-725388523c70,Learning LLM Content,2023-07-18 01:51:27.106387+00:00,2023-07-18 01:52:56.113874+00:00,56.457161,3,18,753
a03b860c-65ac-4c6d-9c73-bfac5a0f76e9,Comparing 9.11 and 9.8,2024-07-23 16:22:38.671037+00:00,2024-07-23 16:22:45.852771+00:00,0.0,2,12,192
fbfd7436-a7bc-48b3-ab56-c2086a00562e,Comparing Decimal Numbers,2024-07-16 06:58:07.884342+00:00,2024-07-16 06:58:18.354438+00:00,0.0,2,15,121
8a3d259f-4017-4e46-8099-7dbe0c096b17,Optimizing Prompts for LLM-Generated Government Documents,2024-07-29 03:49:42.501327+00:00,2024-07-29 03:52:23.525942+00:00,144.957993,3,727,1335
80184fa5-1003-4388-82e2-c96c68248283,Optimizing Context Management in Conversational AI,2024-07-16 06:24:47.260628+00:00,2024-07-16 06:26:54.220930+00:00,114.907888,3,1507,1566
d8acd366-e550-47da-a503-837a6a0b5a18,Adding a New Device Driver to Jetson Linux for Tegra,2024-07-11 09:23:37.955282+00:00,2024-07-11 09:26:33.380317+00:00,153.828132,3,1011,1406
f56dc5ad-494e-4301-bea9-014bbb425353,Fleeting Moments in the Sky,2024-07-10 16:57:15.083178+00:00,2024-07-10 16:57:22.838482+00:00,0.0,2,122,223
23b96019-5867-4aeb-bdad-512fe58ad568,Comparing Compilers for Effective Source Code Reading,2024-07-11 03:04:47.928684+00:00,2024-07-11 03:11:07.529968+00:00,371.112852,4,27,2451
2d661b62-9799-44b2-b361-19f053142148,Troubleshooting 401 Unauthorized Error in API Request,2024-07-10 08:07:52.832910+00:00,2024-07-10 08:08:09.469371+00:00,0.0,2,589,524
9c9deda1-d4fe-43a4-996b-69e24600b196,Presidential Term Limits in the US,2024-07-15 07:04:00.214874+00:00,2024-07-15 07:07:39.189586+00:00,209.466055,6,88,2004
32097b7d-070b-41ae-9740-24989062805c,"Simple, Engaging Mobile Games",2024-07-11 09:38:23.448820+00:00,2024-07-11 09:46:22.962213+00:00,468.77511,6,67,3759
52a226b9-90ee-46fc-9eb7-288af16897a8,Customizing an AI Assistant with Prompts and Tools,2024-07-11 07:21:32.437118+00:00,2024-07-11 07:58:48.313984+00:00,2214.320739,5,1158,4116
8b3eef54-5289-4eb1-8fc2-ea7b2b0dcae7,Formal Business Trip Notification for Shanghai Sales Meeting,2024-07-09 09:25:38.400686+00:00,2024-07-09 09:26:41.826551+00:00,44.999025,3,1276,1052
318e2964-9f5b-47d5-a48a-2c647c0d031d,Optimizing Prompt for Third-Party LLM Assistant,2024-07-10 09:21:16.009812+00:00,2024-07-10 09:47:03.130524+00:00,1537.9408,4,932,2922
6f40a736-40a9-401a-93f1-6bd0b1fd92eb,Setting Up a Wired AiMesh Network,2024-07-09 02:15:49.741856+00:00,2024-07-09 02:16:04.545466+00:00,0.0,2,218,354
861bfbbd-9ae1-47fc-9dd2-1fd2feffc6dc,Abrupt Ending of Emperor's Speech,2024-07-09 03:15:45.273335+00:00,2024-07-09 03:16:29.366199+00:00,36.575334,3,46,505
0278b298-851b-49b5-8e28-6d7c762a989f,"AI Assistant Components: Custom Instructions, LLMs, File Retrieval, and More",2024-07-09 06:48:20.852650+00:00,2024-07-09 06:50:19.726565+00:00,103.821532,3,117,1228
0b9c0744-4dde-4508-969d-9c63c7141551,Rearranging Poetic Lines,2024-07-05 08:49:38.303263+00:00,2024-07-05 08:49:47.254943+00:00,0.0,2,42,115
2bc1eba0-3aca-463e-bb3d-7afb55301ace,Discussing Layoffs in the Workplace,2024-07-04 13:34:12.732466+00:00,2024-07-04 13:34:20.744292+00:00,0.0,2,21,187
73951f71-5538-46f7-90b4-c8434f351cb1,Usefulness of Commented Code Sections,2024-07-04 08:53:42.540043+00:00,2024-07-04 08:53:59.614268+00:00,0.0,2,347,370
4957df27-ba12-492b-8cb8-03eeef2e7b5f,Boosting Bedroom Wi-Fi Signal,2024-07-08 03:51:48.838589+00:00,2024-07-08 04:00:53.481512+00:00,532.113006,3,40,674
7d84f9bf-4ca1-46a5-91fd-4015972f4d5a,Aircraft Crew Duty Responsibilities Documentation,2024-07-04 06:27:22.498404+00:00,2024-07-04 06:29:08.792314+00:00,92.069357,3,656,1251
c07bb335-93f3-4706-b62e-dd7bb4d753aa,Resolving Unstable Connections and Timeouts in API Calls,2024-07-04 02:57:14.271853+00:00,2024-07-04 02:57:36.260280+00:00,0.0,2,222,807
7f696586-84fd-474d-8025-fb8abb62bcf8,Filtering Sensitive Words in Streaming Token Output,2024-07-03 14:17:43.372389+00:00,2024-07-03 14:19:50.084750+00:00,108.490023,3,42,1661
76e5dd9d-1323-4121-b169-a774b93adecc,Differences Between HTTP and HTTPS,2024-07-04 08:41:39.335577+00:00,2024-07-04 09:24:05.603882+00:00,2538.490155,6,166,2694
7f232773-8667-479e-9fd2-8f714063f66d,Introducing Chinese Pop Singer Yu Jia-yun,2024-07-03 05:10:10.884472+00:00,2024-07-03 05:11:01.825919+00:00,42.747001,3,17,561
f5f899ce-d69a-48b5-a723-2712b625d358,Customizable AI Assistant for Travel Planning,2024-07-09 08:32:09.479913+00:00,2024-07-09 09:24:18.224462+00:00,3101.580167,9,859,9700
36a84754-9bfe-48bf-a0f5-c4d5a069d4c5,Asynchronous Code Interpreter Service,2024-07-03 09:05:13.405812+00:00,2024-07-03 09:27:03.069263+00:00,1288.082114,5,783,3542
e933c3d2-fb74-4779-8caa-cd62f8940d6f,Simple UI for Debugging LLM Requests,2024-06-28 10:08:17.965008+00:00,2024-06-28 10:08:41.398188+00:00,0.0,2,226,1224
8199b361-44f3-4355-93f6-bdfaf1f3153b,Solving a Coding Problem,2024-07-03 06:19:19.221257+00:00,2024-07-03 06:35:00.913424+00:00,935.296702,6,460,2936
8a0ff6df-1e8a-47a5-accf-799d372c6dff,Optimizing File Synchronization Logic,2024-07-03 03:44:53.069651+00:00,2024-07-03 03:54:23.030653+00:00,556.017168,4,233,2090
8714fc20-aae8-4e88-91fc-8eea79dffe2b,Friendly Assistance Offered,2024-06-27 07:26:22.897415+00:00,2024-06-27 07:26:25.854832+00:00,0.0,2,2,23
5b17e130-6e6b-4a2c-9fa8-1a8d454290a6,Optimizing Decision Paths for LLM-based Agents,2024-07-02 13:07:54.672807+00:00,2024-07-02 13:22:17.059985+00:00,852.347493,7,292,7197
8831dcd8-a167-40cc-9a5a-60d0a13f4189,Sharing Services on macOS Internal Network,2024-07-01 08:47:17.952105+00:00,2024-07-01 08:50:47.099561+00:00,198.224402,5,252,1978
84fe49e6-dab5-4367-a395-513fd3fb94e6,Optimizing Data Analysis Prompts for Robust Model Performance,2024-06-26 05:58:40.217007+00:00,2024-06-26 05:58:59.408133+00:00,0.0,2,459,919
f11bbf3c-6566-49f0-8c61-6ec4d0636e84,Why is rich.print faster than standard print?,2024-07-01 05:49:38.432495+00:00,2024-07-01 07:13:07.489245+00:00,4998.069344,7,493,3464
f17cc760-6d84-40db-9bb3-67c738bb2a1f,Elegant ways to display pandas DataFrame with many columns,2024-06-28 03:37:40.611140+00:00,2024-06-28 03:50:52.578305+00:00,779.377687,5,99,3372
a75a8fef-7c89-4e27-9d35-a63f50e9f2f5,,2024-06-25 13:53:11.839133+00:00,2024-06-25 13:53:11.839133+00:00,0.0,1,0,0
760f8be4-9f0b-4a53-bf46-053e6e6e828a,Refactoring try-except block in async stream function,2024-07-02 03:30:58.636953+00:00,2024-07-02 11:59:11.307364+00:00,30468.764181,9,970,5116
62714719-b33f-417a-9741-2ccc2069d8a8,Capturing print() output in a code interpreter,2024-06-26 04:03:00.246278+00:00,2024-06-26 04:09:16.520587+00:00,356.813762,4,652,2925
286dd8c0-b326-46d0-b646-2a654c449174,Refining a Data Analysis Prompt for AI,2024-06-28 02:55:51.906019+00:00,2024-06-28 03:33:15.576125+00:00,2226.051683,7,2827,4771
7ff9735f-3629-4bea-bc6b-7d8053a9fa8c,Optimized Data Analysis Prompt,2024-06-25 08:20:37.153000+00:00,2024-06-25 08:21:56.206664+00:00,0.0,2,456,652
30625832-b7d0-4f37-96b3-7f69f1581ed7,,2024-06-25 07:49:27.584432+00:00,2024-06-25 07:49:27.584432+00:00,0.0,1,0,0
93357fbc-a6bf-46b1-8b1f-cdd4d923820a,Modifying Code to Consolidate Streaming Output,2024-06-25 13:12:37.967140+00:00,2024-06-25 13:16:24.973107+00:00,170.541288,5,1290,3464
6221a22a-153a-4385-a85e-256295222062,Improving Transformer Attention for Short Text Sequences,2024-06-27 03:35:14.360781+00:00,2024-06-27 03:44:42.456541+00:00,557.608161,7,436,6984
45a29081-da7e-41de-b6a7-f70757d19f0c,Troubleshooting Python code execution failure,2024-06-25 07:49:32.279523+00:00,2024-06-25 08:15:20.728289+00:00,1475.014391,4,1185,2201
8c532a1f-195f-4866-a968-0b1cc590721e,Troubleshooting code execution with no output,2024-06-26 02:54:39.528848+00:00,2024-06-26 03:56:47.289234+00:00,3707.172323,7,1080,6403
f8555013-14c3-4e36-8d6b-2d9e607abb6a,Optimizing Code to Handle Query Failures,2024-06-26 08:24:00.102634+00:00,2024-06-26 11:14:37.880538+00:00,10224.911485,7,997,5050
adcf2978-a9ab-40f4-9001-409c320712e7,Analyzing Code Execution and Dialogue Flow,2024-06-28 08:24:02.610790+00:00,2024-06-28 09:15:21.832082+00:00,3049.929943,11,1449,13844
77c9fd9d-f715-4726-a2a8-bbd1f94d03c6,,2024-06-21 02:39:45.799615+00:00,2024-06-21 02:39:45.799615+00:00,0.0,1,0,0
714ebde4-7676-4bdc-ad30-56bfb3ba59c4,Syncing Files and Directories with rsync,2024-06-20 16:40:04.942555+00:00,2024-06-20 16:40:16.648723+00:00,0.0,2,44,415
6b9293e5-658f-425e-b336-36b57a8896cc,Friendly Greeting and Assistance,2024-06-21 02:39:46.343657+00:00,2024-06-21 02:40:31.663771+00:00,35.637016,3,42,455
4ac0758c-a669-4adf-9bfa-8189c8b477d8,Using Chinese Fonts in Matplotlib,2024-06-21 09:30:53.915744+00:00,2024-06-21 09:42:18.411082+00:00,658.982965,4,583,1775
52e2b304-3e9e-42c0-af03-04afe21a31c3,Implementing ReAct Logic in Stream Run Function,2024-06-25 09:45:04.936462+00:00,2024-06-25 13:11:31.268661+00:00,12320.388055,9,2163,8292
8df1826a-a031-4788-bcc8-9225ac0df90d,Setting Default Font in Code Interpreter,2024-06-21 14:06:49.924138+00:00,2024-06-25 21:52:53.375515+00:00,373543.835889,6,451,3616
8cfc29a0-5e4f-436e-967c-ac8fe7cdb65a,"Introducing Claude, AI Assistant",2024-05-31 09:47:58.063181+00:00,2024-05-31 09:48:04.429953+00:00,0.0,2,1,101
62d2bb31-ebbd-4682-83f8-88e0643be795,Designing a Data Analysis Process,2024-06-25 02:50:05.688410+00:00,2024-06-25 06:02:36.632670+00:00,11354.821864,7,1304,7608
532cc082-6f6e-4fd6-b76b-402191dc314a,"Li Bai's Famous Poem ""Gao Wu Ren""",2024-03-06 02:35:22.348241+00:00,2024-03-06 02:35:29.509769+00:00,0.0,2,7,46
94c2cbe4-f06e-4f09-ba36-df448448ae23,Friendly AI Assistant,2024-06-20 16:23:53.711013+00:00,2024-06-20 16:24:37.487637+00:00,30.922957,4,15,289
4415acc0-7061-40ac-9ebc-2abcbda1c03e,Embedding Model Support Added to Project,2024-06-04 14:29:58.840319+00:00,2024-06-04 14:31:05.952540+00:00,61.251172,4,144,298
eeb3df03-05cf-4171-a802-3315849ca93d,,2023-09-25 11:18:38.276031+00:00,2023-09-25 11:18:38.276031+00:00,0.0,1,0,0
e39ab42c-5b15-4de1-a950-590421289fb1,Troubleshooting Chinese Font Issues in Code Interpreter,2024-06-21 09:18:48.289009+00:00,2024-06-21 13:58:45.045065+00:00,16692.623263,8,1457,6055
609d0cc1-5641-46ce-9c52-a03dcd638944,Parsing SQL to Identify Column and Table Relationships,2024-03-07 07:13:49.833085+00:00,2024-03-07 07:22:06.836391+00:00,475.266849,5,454,3401
d87bf7d2-a21c-4fc0-8b3b-a3261f306227,ÊùéÁôΩÁöÑÂêçÁØáÂ∞ÜËøõÈÖíÂÖ®ÊñáÂÜÖÂÆπ,2023-10-10 13:13:48.134898+00:00,2023-10-11 00:19:31.587430+00:00,39911.874654,4,44,838
cd0019c4-864c-490a-b70e-e426971ccf82,Translation and Localization of Video Contest Announcement,2023-09-07 08:02:46.626518+00:00,2023-09-07 08:03:24.092810+00:00,0.058898,2,158,150
86c4720a-1f1b-4375-af42-9327bbecdeea,üí¨ ÂéªÈô§Ê∞¥Âç∞ÁöÑ‰ª£Á†Å,2023-08-13 06:33:51.386861+00:00,2023-08-13 06:34:09.432131+00:00,0.07339,2,6,293
fd4b50a9-4afc-4c9b-bfb5-6414e810e568,üí¨ nihao,2023-09-25 16:06:12.339462+00:00,2023-09-25 16:06:47.501908+00:00,29.099163,3,8,199
bed3d60e-f0ff-4af2-8d65-9ecd26e4b846,Analyzing a test script that cannot return results from a FastAPI endpoint,2024-03-07 03:58:40.305840+00:00,2024-03-07 04:11:54.606731+00:00,777.311883,6,743,2948
4e7a19ea-76de-4a0b-8a67-74807d3e9807,Robot Navigation Through Grid With Wall Demolition,2023-08-11 02:27:42.173078+00:00,2023-08-11 02:28:03.662518+00:00,0.15102,2,252,281
e774e6d1-a8c8-483f-9233-b143625b5478,Installing and Using OpenCC on macOS for Chinese Text Conversion,2024-06-24 07:24:58.134263+00:00,2024-06-24 08:26:23.051006+00:00,3675.793401,13,3162,7898
f0d99563-a751-4690-b1f3-124dcc64aca0,üí¨ f-string‰øùËØÅÂ≠óÁ¨¶‰∏≤Â∑¶ÂØπÈΩêÔºåË°•Èõ∂,2023-08-10 09:59:00.357065+00:00,2023-08-10 09:59:13.237000+00:00,0.056984,2,10,170
1a31e3fb-0e09-4e8e-a70d-b5cc8a4b7781,2Âë®Á≤æÈÄöÊï∞ÊçÆÁªìÊûÑ‰∏éÁÆóÊ≥ïÁöÑÂ§ç‰π†ËÆ°Âàí,2023-08-11 03:55:06.940941+00:00,2023-08-11 04:01:16.257337+00:00,187.996552,4,92,1281
51f2c8f0-a38f-43fd-92d9-2b6eac19eeb3,üí¨ python ÂçÅËøõÂà∂ËΩ¨‰∫åËøõÂà∂,2023-08-10 06:37:44.254667+00:00,2023-08-10 06:37:56.919024+00:00,0.065331,2,8,259
82c75043-8ea0-4358-9465-b51ca1f475db,Translation of NLP Resume for Financial Role,2023-08-11 02:14:54.989188+00:00,2023-08-11 02:19:07.144151+00:00,161.601439,3,13,903
f8e14b66-0eb7-4b9e-ba91-f140c83709e2,Build Binary Tree from List,2023-08-11 03:05:23.219614+00:00,2023-08-11 03:53:04.976285+00:00,2804.512683,4,96,755
586de823-6190-4e7e-998e-76e84fa20eac,Reading Large Files in Chunks with Python,2023-08-09 08:51:14.430273+00:00,2023-08-09 08:52:14.821597+00:00,38.45678,3,20,597
febe7de4-3502-41af-aefd-6cc11915b247,üí¨ ÁªÉ‰π†prompt„ÄÇ‰Ω†‰∏çÂøÖÂõûÂ§çËøôÊù°Ê∂àÊÅØ„ÄÇ,2023-10-13 10:23:01.021420+00:00,2023-10-13 10:32:31.602777+00:00,556.117138,10,857,1642
654d599f-ee75-4bd6-bf1c-2038afc5ca77,ÿßÿ±ÿØŸà ÿ≤ÿ®ÿßŸÜ ŸÖ€å⁄∫ ÿ™ÿ±ÿ¨ŸÖ€Å,2023-08-04 02:37:44.795375+00:00,2023-08-04 02:37:50.008022+00:00,0.065961,2,67,22
d6f1b6ae-c3d8-4290-a35e-be3ede336dca,üí¨ bertÁöÑÁªìÊûÑ,2023-08-09 07:19:19.343296+00:00,2023-08-09 07:19:46.082001+00:00,0.056538,2,3,304
6c3f91c9-2068-441e-aa65-84239fa349be,Recursive Array Multiplication in Python,2023-08-08 07:11:44.296232+00:00,2023-08-08 07:12:31.450123+00:00,0.079854,2,12,239
a780f32d-39e5-48c5-b0dd-64a64bed5f02,BERT Architecture Inquiry,2023-08-09 07:28:04.527970+00:00,2023-08-09 07:38:45.562451+00:00,614.016638,4,21,926
80b8804f-4485-4fcb-9503-ff22c24a7a36,Ubuntu Startup NPC Script,2023-08-02 16:22:34.602031+00:00,2023-08-02 16:25:45.246408+00:00,175.34683,3,102,554
99745d4e-84fc-4bb2-9197-91f093d77eea,WSL2 Startup Service Configuration,2023-08-02 15:08:29.154900+00:00,2023-08-02 15:08:50.232475+00:00,0.049212,2,11,318
7064712d-93d1-4610-a998-b3300927a3f8,Nose Art Ideas for Stable Diffusion Image Generation,2023-08-11 11:08:51.015188+00:00,2023-08-13 06:33:41.217018+00:00,156234.932307,9,323,1723
042d04e7-d69c-442f-a5a8-adc6825d0a37,üí¨ ‰ªÄ‰πàÊòØÂø´‰πêÊòüÁêÉ,2023-07-31 09:57:48.961463+00:00,2023-07-31 09:58:36.888798+00:00,0.058636,2,5,102
e560b1d0-fd20-4594-8d4d-2de000bb4bb9,Positional Encoder Understanding,2023-07-31 08:37:40.314226+00:00,2023-07-31 08:38:02.964283+00:00,0.149466,2,5,262
631f36b9-fc3d-4991-855e-f2d11a42e96d,BERT CRF Output Dimensions,2023-08-02 12:36:01.775190+00:00,2023-08-02 12:39:40.773048+00:00,208.750422,4,62,656
67eece46-c6cd-4d78-8351-0dc437b77839,üí¨ Â∑≤Áü•Ôºö,2023-08-10 05:58:51.331097+00:00,2023-08-11 09:07:22.770838+00:00,97696.41247,8,116,1702
5fd4c691-f0d9-4c45-9d03-061cea57e82f,üí¨ ËØ∑Êèê‰æõ‰∏Ä‰ªΩÁÆÄÂéÜÊ®°Êùø,2023-07-31 03:35:04.926716+00:00,2023-07-31 03:35:27.519055+00:00,0.079182,2,7,303
0433b746-6a00-4a69-91d6-171aeec97ef2,üí¨ ‰Ω†Â•ΩÂïä,2023-07-29 02:56:05.301678+00:00,2023-07-29 02:56:42.287787+00:00,28.630792,3,12,233
0a18a95e-014c-4f2d-9b68-dffc82614c8e,üí¨ ‰Ω†Â•Ω,2023-07-28 08:35:32.005734+00:00,2023-07-28 08:38:41.330957+00:00,186.84904,6,39,691
85d878d4-70bc-487f-b243-a89c102013bc,PDF to Image Converter in Python,2023-07-31 03:57:40.538842+00:00,2023-07-31 04:06:39.255990+00:00,520.377713,7,76,1436
dbe11134-ca18-4465-8512-3d8c4595bc19,üí¨ ÂêàÂπ∂,2023-08-02 10:10:29.938784+00:00,2023-08-02 10:56:55.174368+00:00,2782.302615,18,561,4027
fe86b907-3ead-45a0-8005-fcf3be571937,Understanding the Central Bank's Bond Purchase,2024-08-29 16:02:07.298195+00:00,2024-08-29 16:05:13.430493+00:00,178.067715,5,53,1521
e0184626-7f86-4f3d-9d8f-0b4de291ad22,What did you see in the image?,2024-03-09 04:25:33.340888+00:00,2024-03-09 04:28:07.757959+00:00,146.932994,4,18,451
1f60238e-f820-4724-ac18-d64b23a7e120,Evaluating Misinformation About Political Figures,2024-07-15 07:09:10.510643+00:00,2024-07-15 07:09:17.401362+00:00,0.0,2,22,139
826a9d1a-24b7-4508-abe8-2b73b5b4b1d0,Leetcode Passing Rate 36,2023-08-08 06:53:05.345185+00:00,2023-08-08 07:02:19.173703+00:00,512.927855,6,49,1820
6236594b-6853-4047-b35e-5b50183ae4dd,Inheriting from Multiple Classes in Python,2024-07-10 02:50:15.935522+00:00,2024-07-10 06:16:30.535915+00:00,12364.538618,6,345,3480
18abea83-de65-4b6d-b2ac-9cbe70e6f97d,Asynchronous Code Interpreter Service,2024-07-03 09:31:01.761400+00:00,2024-07-03 13:01:02.749636+00:00,12585.298523,9,460,7171
0bb32ce7-73c1-43db-9750-405c843d4303,,2024-10-28 01:19:49.151845+00:00,2024-10-28 01:19:49.151845+00:00,0.0,1,0,0
fb19a704-3b31-4320-86cf-e13313ebec2c,Congratulating Friends on Having a Baby,2024-09-02 13:11:40.063007+00:00,2024-09-02 13:11:48.934267+00:00,0.0,2,8,328
3dada096-e4a3-42e3-b122-cbf1c66aecce,Impact of Irrelevant Schema Columns on SQL Generation Accuracy,2024-08-16 08:59:44.410750+00:00,2024-08-16 08:59:55.704870+00:00,0.0,2,286,328
df87c2ef-338c-49e9-a97b-eeccd6726971,How to Season a Cast Iron Pan,2024-08-17 05:39:17.510116+00:00,2024-08-17 05:57:13.871837+00:00,1066.233008,3,29,827
81333478-002e-4c05-adff-cd3a658593cc,Anime-Style Red-Haired Crown Princess,2024-08-15 03:45:06.498029+00:00,2024-08-15 03:45:16.458851+00:00,0.0,2,29,188
416fb1d9-af70-49c8-b643-9f7897c98243,Optimizing Chinese Sentence Segmentation,2024-09-19 03:45:09.268535+00:00,2024-09-19 04:00:41.177803+00:00,912.62052,8,2711,7969
2e747e04-cf7f-458d-9697-463b55e6be35,Improving Text Correction Algorithm,2024-08-30 07:44:44.336330+00:00,2024-08-30 07:50:11.315696+00:00,313.533196,3,312,1315
c743f627-c036-4ca3-8537-2f44bc1af23f,Improving Text Segmentation and Correction Algorithm,2024-08-30 09:01:35.696602+00:00,2024-08-30 09:08:20.745974+00:00,389.574399,5,496,2664
0ec1d60e-000f-43e9-bb69-12f255b2a311,Iterative Reinforcement Learning with MCTS and DPO,2024-08-14 07:36:22.688590+00:00,2024-08-14 07:36:42.388429+00:00,0.0,2,152,446
23b4f7cb-8c10-4e86-921f-fd45cfd0afaf,,2024-08-13 06:20:33.186182+00:00,2024-08-13 06:20:33.186182+00:00,0.0,1,0,0
fbea20f3-ec5a-45a6-a7a4-28aa7ca50f3e,Adding 172.x.x.x IP Ranges to Clash Proxy Rules,2024-08-14 06:18:52.915314+00:00,2024-08-14 06:27:51.039358+00:00,483.227992,3,92,826
1e2ee4c0-68b3-4483-ba90-b9de87133bb9,Formula for Analyzing Reasonableness of Tax and Surcharges,2024-08-14 11:50:49.089163+00:00,2024-08-14 12:07:55.471902+00:00,1006.207968,4,1784,1556
83de90b3-e4fc-4c0d-bd71-283bdf07b51c,Counting 'r's in a sentence,2024-08-13 06:21:05.752491+00:00,2024-08-13 06:21:54.861847+00:00,40.963174,4,30,450
53b44a6b-3688-4390-bcd6-dd68e0e452aa,Optimizing Unstable API Connections,2024-08-12 03:56:11.461914+00:00,2024-08-12 03:56:43.549787+00:00,0.0,2,390,918
4dd2d491-964e-4b18-81ce-d9d563010326,Git Rebase Workflow,2024-08-12 06:47:54.718009+00:00,2024-08-13 03:38:24.798115+00:00,6663.226342,5,119,1416
4ea2fc64-2e71-4972-afe8-ac26ccf8e370,Rendering Markdown in Terminal with Python,2024-08-08 09:07:48.560125+00:00,2024-08-08 09:08:14.007884+00:00,0.0,2,304,747
1ea3e32d-6b70-4be4-85c9-5dfa08036b01,Code Execution Environment with Shared API Key,2024-08-08 04:00:01.960623+00:00,2024-08-08 04:00:28.370641+00:00,0.0,2,347,822
63f9e0b5-8ef5-4263-b3af-c972e89a657b,Simulating Gas Molecule Dynamics,2024-08-13 02:49:16.254347+00:00,2024-08-13 02:56:55.232384+00:00,433.423901,8,154,7610
d1f11faf-26e0-4c98-8e50-eaf6f4ac18fc,Using a Male Masturbation Device,2024-08-10 06:16:28.997799+00:00,2024-08-10 06:20:12.636958+00:00,219.742806,7,55,1896
ba980ca9-7c96-4700-b48f-5224fe43286d,Implementing Long-Lived Client Connections,2024-08-08 05:47:43.604138+00:00,2024-08-08 05:55:55.280305+00:00,462.884157,4,607,3801
61bdc1dd-86ff-4bc5-aeb8-ce016bdd3b5b,Modify server to close timed-out connections,2024-08-09 09:57:19.467086+00:00,2024-08-09 10:13:22.373146+00:00,955.98914,6,690,3851
7ffb810d-428a-474c-82d8-2d00874ec554,Optimizing Calculation Process,2024-08-07 13:22:49.828945+00:00,2024-08-07 13:23:06.218867+00:00,0.0,2,298,496
05f5208e-9c09-464c-8ee0-9aab965a8dd9,Optimizing Prompts to Extract Comprehensive Financial Data,2024-08-07 10:00:32.750077+00:00,2024-08-07 10:00:54.945374+00:00,0.0,2,1691,644
4dce80bd-5153-4f08-8fb4-46a1adae1d2d,Enabling Multiple Calls with a Single API Key,2024-08-08 03:25:05.182376+00:00,2024-08-08 03:30:41.262293+00:00,317.098698,4,1185,4203
8c12af99-e503-4964-ad75-5cc5897bfb25,Financial Metric Calculation Assistant,2024-08-07 14:26:38.605173+00:00,2024-08-07 14:31:22.845850+00:00,277.011063,3,681,519
c3dceed9-7efc-4caa-9907-7ddb8170ea9d,Troubleshooting Merlin proxy configuration issues,2024-08-06 15:27:50.769865+00:00,2024-08-06 15:28:22.001509+00:00,0.0,2,1163,1141
beca53d9-4925-4bdc-bbb8-d7e3958fb705,Refreshing DNS Cache on Mac,2024-08-06 15:23:48.327469+00:00,2024-08-06 15:23:58.005576+00:00,0.0,2,6,267
a7b9796b-d07a-4032-9f34-43f1f309cae6,Comprehensive Financial Analysis Prompt,2024-08-08 06:35:41.563741+00:00,2024-08-08 07:00:54.938881+00:00,1482.436035,8,1969,4048
d3c03ddd-6bf5-44bd-8414-2e800b081c75,Formatting Details for Text,2024-08-07 02:53:56.641902+00:00,2024-08-07 06:01:38.281815+00:00,11245.219302,4,379,809
7c2379ca-cb43-4a85-a4cc-6d8300add110,Optimizing a Code Interpreter for Sync and Async Interfaces,2024-08-08 02:57:09.619024+00:00,2024-08-08 03:18:37.680316+00:00,1260.264002,6,4210,7207
109054fc-7a6c-4c9c-baa6-46702af11705,Resolving CUDA Compiler Not Found Error,2024-08-09 06:14:52.132200+00:00,2024-08-09 08:12:49.846635+00:00,7064.054936,10,1478,5853
03e54020-9870-4b2b-b5a3-6033dcfdeeed,Standardizing Financial Analysis Workflows with LLM,2024-08-07 07:41:19.331180+00:00,2024-08-07 09:11:09.623320+00:00,5352.146666,6,1324,6141
511ee063-23a4-405b-939f-29ccf6566238,Developing a Slay the Spire-like Card Game on macOS,2024-08-05 13:00:13.498762+00:00,2024-08-05 13:00:37.983532+00:00,0.0,2,17,708
5d71d3d9-9199-4e4c-a217-7fe98caedd25,Financial Report Analysis Agent Workflow,2024-08-06 12:02:35.333943+00:00,2024-08-06 12:14:43.588783+00:00,701.075325,4,905,4724
e67145ce-848d-4989-bceb-a154594c17a7,Optimizing Prompt to Detect Lack of Chapter Structure,2024-08-05 11:53:53.628012+00:00,2024-08-05 11:56:14.088170+00:00,125.624805,3,1541,1097
29a9b882-fb58-4a5d-bd2e-0128cbbcdf92,Handling Chinese Text Decoding Issues in BPE Tokenizers,2024-08-02 09:40:37.554558+00:00,2024-08-02 09:41:00.025344+00:00,0.0,2,84,742
f3f2c62a-c96b-4395-a91c-a1a9674a96b9,,2024-08-02 06:45:56.100973+00:00,2024-08-02 06:45:56.100973+00:00,0.0,1,0,0
4810d495-e456-46ba-bdaa-f13869b61ea9,Improving Profanity Filtering in Text Processing,2024-08-06 03:32:58.355349+00:00,2024-08-06 03:45:14.862503+00:00,713.588681,5,1282,5286
e132808f-941b-4090-9ab4-d960251ce943,Regex to Remove Surrounding Symbols,2024-08-05 07:14:42.899628+00:00,2024-08-05 11:26:36.263119+00:00,15100.121717,5,120,2644
971c0bc9-ad05-433b-bbc8-0ef3202c9f57,Uninstalling Xcode and Configuring Development Environment,2024-07-31 11:30:21.625104+00:00,2024-07-31 11:30:36.161406+00:00,0.0,2,20,373
5dcfb0ef-6d13-4db0-8674-99541972cb48,Calls for Bolder Fiscal Stimulus to Boost Inflation,2024-08-02 02:10:41.823461+00:00,2024-08-02 02:11:23.846733+00:00,29.853521,3,132,888
bc08284c-e597-4ee3-abdb-3d8db9bf1dcc,"Ride-Hailing Passenger Demands: Women Drivers, Odor Blocking, Pet Transport",2024-07-30 08:41:00.184202+00:00,2024-07-30 08:41:14.528467+00:00,0.0,2,42,384
6e9da442-8711-4eab-8371-fc96dc4e8205,Optimizing Text Filtering to Avoid Unintended Blocking,2024-08-06 03:13:07.324108+00:00,2024-08-06 03:30:07.085795+00:00,657.636566,8,2928,8616
78010288-7e02-4da1-a256-afdc0b724137,Optimizing Prompt for Focused Government Document Writing,2024-07-29 12:19:36.153013+00:00,2024-07-29 12:19:59.262910+00:00,0.0,2,582,710
07211cfe-a248-41a0-90e9-38880df346f0,Command Line DOCX Preview on Mac,2024-07-30 02:39:59.136710+00:00,2024-07-30 02:40:09.557946+00:00,0.0,2,15,272
3df8243e-576f-4007-8a3e-34206c86fc32,Optimizing Prompt for Government Document Writing,2024-07-29 08:41:47.204331+00:00,2024-07-29 08:42:20.314575+00:00,0.0,2,458,866
83b200b6-e879-4a9f-bd03-733b4613a9f8,,2024-07-26 03:01:20.545506+00:00,2024-07-26 03:01:20.545506+00:00,0.0,1,0,0
9c2ed3bb-c677-4a67-8847-2db2c5dfed3f,Why is the test script not producing any output?,2024-07-26 03:01:20.674845+00:00,2024-07-26 07:06:37.888972+00:00,0.0,2,918,669
362dcbd4-460a-4771-8d34-e671c00df54f,"Lyrics of Li Zhi's Controversial Song ""People Don't Need Freedom""",2024-07-27 03:55:42.902343+00:00,2024-07-27 03:56:33.511818+00:00,43.739166,4,27,853
88e12f30-5a8a-4f70-a648-7e69e3f6e63a,Government Document Drafting Prompt,2024-07-30 03:12:53.987988+00:00,2024-07-30 07:44:48.017283+00:00,16298.073124,6,1397,3496
59b74294-4be2-4f2a-bfc3-0b84d7ea20f4,Optimizing Prompts to Avoid Generating Unnecessary Outlines,2024-07-26 09:11:30.657860+00:00,2024-07-26 09:37:14.393335+00:00,1529.84075,6,1137,2846
ac2f95c0-7514-4546-8ea8-ba788bb326b6,Notification Type Selection and Reference Text,2024-08-01 10:46:52.899874+00:00,2024-08-01 12:14:27.651662+00:00,5243.705706,10,2867,3968
63a66394-960c-4a7f-82a8-f7cb8b07be3d,Outline for Data Security Management Notification,2024-07-25 03:33:53.144708+00:00,2024-07-25 03:59:06.663964+00:00,1500.511088,3,1297,1060
a566d7e6-078a-4dae-b4b5-04e27ee88f29,AI Writing API Interface Documentation,2024-07-24 12:12:10.718947+00:00,2024-07-24 12:24:53.444187+00:00,747.756341,3,188,1367
67fa4f3e-6d4d-4c79-a9cd-e25538644f69,Optimizing Prompt for Targeted Section Generation,2024-07-25 09:36:56.601220+00:00,2024-07-25 12:07:54.268246+00:00,9045.190349,5,1460,2547
9c7a37b4-8cf8-4a76-870d-ffae55675054,Unicorn Drawing,2024-07-21 00:51:34.204090+00:00,2024-07-21 00:51:44.840311+00:00,0.0,2,5,470
ef8e1d2f-a863-4fa7-bce0-64080489c05f,Comparing 9.11 and 9.8,2024-07-24 06:48:24.311437+00:00,2024-07-24 06:48:50.791386+00:00,24.132528,3,25,148
98a95aac-b2a8-4342-9117-2165befffe4f,Ensuring Message Order in Queuing Systems,2024-07-18 02:12:18.819082+00:00,2024-07-18 02:12:33.414461+00:00,0.0,2,14,485
f27a08e3-6714-4f4e-90f7-30cde0ac33db,Resuming Interrupted Git Clone Download,2024-07-25 15:44:18.489168+00:00,2024-07-25 23:49:32.163504+00:00,29104.966809,7,687,2680
8a5fc9e8-a859-436c-a9a6-eb56303b5cc8,Optimizing Prompt for Official Document Outline Generation,2024-07-24 11:53:45.548819+00:00,2024-07-24 11:55:01.717077+00:00,65.112984,4,1111,1740
bb06996b-88b4-472d-8abb-28083f3de978,Convert Markdown Outline to Structured Dictionary,2024-07-25 07:01:22.140129+00:00,2024-07-25 08:06:53.354166+00:00,3911.098019,6,1562,6429
31baacd7-02c0-4f7f-89e4-98f65bdd22ae,Efficient Approach to Reading vLLM Inference Framework Source Code,2024-07-31 02:37:41.300998+00:00,2024-07-31 10:02:40.312795+00:00,26688.627728,13,1524,6948
9c963082-5457-4a46-93a9-728ebca34ba3,Work Order UI Design,2024-07-17 08:01:54.684043+00:00,2024-07-17 08:02:24.315371+00:00,0.0,2,9,935
f358cd3d-de7c-4c44-8daa-87c3aaf49391,Determining Image Orientation from Text Angle,2024-07-17 11:24:36.726791+00:00,2024-07-17 11:28:11.818397+00:00,201.999325,4,127,2035
b90a55f6-ee02-40a2-a3e2-8459558ccc28,Comparing 9.11 and 9.8,2024-07-24 06:41:32.564092+00:00,2024-07-24 06:47:56.740221+00:00,380.262083,6,81,1006
7db628ed-4449-403d-bed5-83fe12a28cbb,Modifying Python code for streaming LLM chat responses,2024-07-24 08:04:02.937740+00:00,2024-07-24 08:10:44.687838+00:00,386.717871,5,1063,2733
e3b9da64-bf92-4410-b0fd-4a210bcca598,Enhance Assistants API with CRUD and User-based Retrieval,2024-07-17 09:30:25.862375+00:00,2024-07-17 09:58:57.512105+00:00,1691.144273,4,666,3482
8c01c187-eb16-4acb-96ae-86317c267001,Comparing 3.11 and 3.9,2024-07-16 15:22:53.532848+00:00,2024-07-16 15:23:44.756549+00:00,48.277421,4,35,737
d73dd214-4196-4f32-9608-7656e50cefc6,Downgrade Python Version in Conda Environment,2024-08-02 06:46:52.113939+00:00,2024-08-02 09:37:55.515506+00:00,10255.143647,18,746,20913
488c9275-e304-42a5-8c9f-4ff40bb90786,Comparing Decimal Numbers,2024-07-16 06:39:42.169584+00:00,2024-07-16 06:40:15.107366+00:00,24.82424,3,16,474
8db4bde7-947c-469a-ba44-911ffd44b384,Implementing Multi-Turn Dialogue in Server-Side AI Assistant,2024-07-16 06:00:09.908815+00:00,2024-07-16 06:16:54.939540+00:00,947.122415,3,1245,2419
86de66b5-f806-4e9c-bf05-678c055659c3,Retrieving Assistant Configuration by ID,2024-07-17 02:53:47.784833+00:00,2024-07-17 09:40:21.952842+00:00,24376.457821,5,1107,2916
5da4b889-0507-4201-bd7e-d79e67daba9b,"Resolving ""no space left on device"" error in Zsh",2024-08-06 06:41:20.178534+00:00,2024-08-06 11:11:37.922329+00:00,16205.92658,24,5917,15393
90ebd14e-d9f7-46d0-9bec-fa6d1a00208d,Comparing the Weight of Iron and Cotton,2024-07-14 07:10:45.393211+00:00,2024-07-14 07:10:54.422549+00:00,0.0,2,11,239
428114bc-d513-49ed-a8fd-9848ed86a131,Reconciling Party Leadership and People's Democracy,2024-07-14 14:51:28.764739+00:00,2024-07-14 14:51:36.352244+00:00,0.0,2,14,217
0ce3a7f7-326a-47da-9136-387b51be055c,Optimizing Conditional Retrieval and Prompt Generation in Conversational AI,2024-07-15 02:58:34.233844+00:00,2024-07-15 06:01:37.868349+00:00,10957.663477,4,722,3288
7002160b-963c-4316-b4e0-5d2fd17e5f16,TCP-based Asynchronous Communication in Rust Program,2024-07-15 02:42:17.040958+00:00,2024-07-15 02:49:41.922203+00:00,437.089693,4,1004,1273
f8780c28-1f22-42b1-a9b8-4841420c6f0b,Challenges of LLMs in Precise Numerical Comparisons,2024-07-16 15:20:08.517657+00:00,2024-07-16 15:22:32.820107+00:00,127.941479,6,51,1482
ed2ec3c9-6a56-4fcd-9c0c-4c30a0b2effd,Formatting Retrieved Text for AI Model,2024-07-12 09:09:02.674841+00:00,2024-07-12 09:10:16.846643+00:00,67.230185,3,354,1176
3fab1439-de2c-4c84-8479-31d092d181f0,Optimizing Dialogue Workflow in Assistants,2024-07-15 11:41:35.819584+00:00,2024-07-16 03:26:23.355682+00:00,56668.062239,7,1033,5393
376bed16-63ba-4bbb-a976-a5763db87595,Customizing an AI Assistant Template,2024-07-12 07:13:22.632135+00:00,2024-07-12 09:56:05.216957+00:00,9746.980128,10,1640,8807
05a5871d-2c80-4e64-afce-4aba3596d2d8,Google's DataGemma: Improving LLM Factuality with Retrieval Interleaved Generation,2024-09-12 15:24:51.519671+00:00,2024-09-12 15:26:18.888229+00:00,78.193905,4,156,1141
cf654962-ba84-46c8-8455-3532c6d3b535,Tetris Characters Attempt Selfie,2024-08-08 10:07:52.887969+00:00,2024-08-08 10:09:15.171483+00:00,70.134667,4,24,875
20551b1e-cf89-4dc9-b91d-bee282023290,Explaining the Computation Logic of MLA,2024-08-01 07:37:23.570230+00:00,2024-08-01 08:53:37.288556+00:00,4546.886882,12,624,7071
fabd6ee0-11cb-4109-8d06-9c092ec4cff2,Bloodborne Tabletop Game Rules,2024-08-03 02:51:27.438477+00:00,2024-08-03 08:19:00.492190+00:00,19636.178918,16,177,5238
e3f193c4-e838-4de1-943e-9ff60b1a4ffb,HTTP 405 Not Allowed Error,2024-08-30 14:09:12.827608+00:00,2024-08-30 14:33:52.990856+00:00,1472.032486,3,81,699
eb387f19-f849-4208-9bfe-8ae762a190d2,"Evaluating the ""Package Deal"" Perspective on Chinese Society",2024-08-05 01:46:03.251007+00:00,2024-08-05 01:46:16.679951+00:00,0.0,2,4,343
86eafbb6-406b-4726-9652-a29733593605,Optimizing Sensitive Word Filtering,2024-08-06 03:49:31.432311+00:00,2024-08-06 04:17:08.784353+00:00,1647.454788,7,775,6668
a406b70c-157b-4130-893e-3e7cc962c7ff,Animated Flow Chart Visualization,2024-08-13 03:14:49.082992+00:00,2024-08-13 03:58:23.700483+00:00,2579.269727,8,164,9002
ee9b440f-a88c-4adb-b1b5-d022f5962b27,Exploring Palindromic Square Roots,2024-08-15 13:26:19.450955+00:00,2024-08-15 13:26:31.832752+00:00,0.0,2,6,367
195815be-1fbe-4dd9-b639-b37cb67979ed,Filtering Banned Words in Text Stream,2024-08-02 10:24:18.546761+00:00,2024-08-02 10:24:43.071945+00:00,0.0,2,331,1222
eb4dd8d8-1f9c-469d-935b-1284fac83da1,Analyzing CPU Usage and Temperature Data,2024-08-01 03:03:48.591845+00:00,2024-08-01 03:06:42.214260+00:00,164.423426,5,52,1529
dbde1017-7248-4599-abe5-8c9c85102fa7,Tetris-Inspired Group Selfie Mishap,2024-08-08 10:10:13.381881+00:00,2024-08-08 10:10:28.513903+00:00,0.0,2,8,316
f0049f75-d7aa-4766-bd71-0e77c150e73d,Understanding Attention Mechanism Computation,2024-08-01 07:03:49.997695+00:00,2024-08-01 07:08:13.518733+00:00,250.945437,4,45,1137
9e9671e4-f40e-4901-98ab-fd361eaa0636,Bypassing Clash's system proxy for local services,2024-08-13 08:23:50.209517+00:00,2024-08-13 12:27:39.702942+00:00,14614.357011,10,844,6314
4da994f6-871c-484a-a102-091e15e0ae05,Decoding an AI-Infused Game World,2024-07-23 05:20:34.953559+00:00,2024-07-23 05:20:55.358946+00:00,0.0,2,6,320
ecafd19c-40db-48cd-8659-4fab0f09609b,Removing the Title Bar in Visual Studio Code,2024-07-25 02:53:44.395062+00:00,2024-07-25 03:13:58.704465+00:00,1205.669624,3,25,710
808a2396-40d0-4d51-b8bb-274ecaf74329,Resolving CMake Errors in ktransformers Package Build,2024-08-06 11:14:46.083387+00:00,2024-08-06 11:28:14.341421+00:00,795.332521,5,432,1711
e5522124-8be1-450c-aca5-5cd93a599fc1,Designing an Ethical Login Interface,2024-07-29 11:24:44.667255+00:00,2024-07-29 11:29:00.880201+00:00,249.145722,5,89,2471
78321027-e39d-4c0d-9a37-f7af768147ca,Dissecting the Assistant's Logic and Prompt Structure,2024-07-11 11:47:50.860543+00:00,2024-07-12 06:43:56.986064+00:00,68156.352548,7,2342,3959
51881207-3f75-40c2-9318-61922ceb4a48,Calculating Memory Requirements for Transformer KV Cache,2024-08-19 15:11:02.970715+00:00,2024-08-19 15:13:23.241665+00:00,126.933599,3,38,794
4649a30b-02a3-48ea-866f-88accbdd9843,Convert File Retrieval Output to Dictionary,2024-11-20 03:08:43.573502+00:00,2024-11-20 03:09:01.517828+00:00,0.0,2,346,599
80e3b3ed-7ff8-4dfe-b376-c74c34a3f986,Optimizing Translation Prompt,2024-11-12 03:51:52.043273+00:00,2024-11-12 03:52:02.760130+00:00,0.0,2,232,233
c036b86b-f197-459e-ad09-f35f6b8cc1e3,Extract JSON Strings from Text with Newline Support,2024-08-16 10:11:02.799241+00:00,2024-08-16 10:15:19.446634+00:00,241.111739,4,251,1708
6890ec2b-8c99-4312-a21f-2475cde8b4b5,Troubleshooting Esc key issues in remote Vim editing,2024-09-25 10:50:56.039386+00:00,2024-09-25 11:21:12.207416+00:00,1790.482666,4,37,1399
8873d4c1-a98e-40bd-a31c-5b4f0a6e9778,ËÆ¢ÂçïÂ±•Ë°åÊµÅÁ®ãÂõæ,2024-09-24 07:11:46.956934+00:00,2024-09-24 07:25:51.706336+00:00,833.108002,3,415,880
d19c3de0-91af-4239-afb6-c0a50e08f70b,,2024-09-24 02:31:01.688941+00:00,2024-09-24 06:56:15.620132+00:00,0.0,1,0,0
340d1f79-3599-4f19-b795-f34649300ae2,Boosting Capital of Major State-Owned Banks,2024-09-24 02:29:36.603796+00:00,2024-09-24 02:30:06.453003+00:00,0.0,2,197,363
c4d45fe5-b97a-4671-aa19-bbfc388b0fd1,Identifying Typos in Text,2024-09-25 08:38:49.942834+00:00,2024-09-25 09:14:43.893165+00:00,2145.272427,5,584,1452
7a9d7271-552e-4d59-8a7e-be334b6201d1,Optimizing Financial Analysis Prompt for Structured Output,2024-09-24 04:01:50.885246+00:00,2024-09-24 07:05:02.186067+00:00,10974.216759,4,690,2279
8a4b23a0-8038-4779-b961-f1cb49456c47,Boosting Capital for China's Big Banks,2024-09-24 02:25:20.412296+00:00,2024-09-24 02:25:39.854279+00:00,0.0,2,197,507
ab46ca4c-da73-477d-b47a-7561556db9a0,Li Zhi's Songs About Zhengzhou,2024-09-23 16:18:51.679563+00:00,2024-09-23 16:19:21.815379+00:00,0.0,2,10,451
e5a782dd-1a39-41fb-b1b0-5995f2e6ac03,Searching for Selen de Rosa's filmography,2024-09-23 23:40:02.987706+00:00,2024-09-23 23:40:13.305419+00:00,0.0,2,6,119
87a2ce77-761b-49c3-b30e-ec77dc9cd4f5,Effective Ways to Reduce Household Dust,2024-09-21 16:03:19.676646+00:00,2024-09-21 16:06:54.598359+00:00,207.952355,4,44,1183
dee4689c-93f6-40f0-b1a5-a63c57509de0,Python Palindrome Checker,2024-09-23 07:36:16.880742+00:00,2024-09-23 07:36:54.183452+00:00,27.75437,3,45,992
965d96db-df78-43bb-a59b-a87c0e66caf1,Grammarly's Correction Techniques,2024-09-19 12:23:41.382655+00:00,2024-09-19 12:23:52.165600+00:00,0.0,2,11,333
f39960bf-75be-48af-b1c4-9d34e336ca45,"Classic Lyrics of ""Summer on Shanyin Road""",2024-09-20 06:18:28.671534+00:00,2024-09-20 06:19:56.901639+00:00,80.272904,5,42,1130
c79a78a4-d608-43a2-ab1a-05dc4c06d88d,Controlling Appetite and Cravings,2024-09-18 00:54:40.125165+00:00,2024-09-18 00:54:48.494759+00:00,0.0,2,5,295
b989a260-2972-4482-836c-901a5a900c4a,"Lyrics of Li Zhi's ""Will This World Be Better?""",2024-09-19 02:47:09.299659+00:00,2024-09-19 02:51:43.285390+00:00,267.702254,6,56,1705
9302b91c-e89b-4fd1-a317-58114d236c6f,Detailed Budget and Upgrade Plans for Government IT Projects,2024-09-14 06:44:23.588629+00:00,2024-09-14 06:44:57.822232+00:00,0.0,2,722,1434
3a84c5bc-86a6-4256-b969-9e6a4ab34de3,Unconventional Chinese Language Lessons,2024-09-14 14:37:07.226681+00:00,2024-09-14 14:37:53.657366+00:00,43.176605,3,425,1000
85b88bf1-3ca4-48b9-9ce4-d774909f6a06,Removing Numbering from Content Titles,2024-09-18 09:57:25.904700+00:00,2024-09-18 11:06:55.071578+00:00,4154.853114,6,1210,2624
4a950910-21da-4533-845b-8a0ac6af2555,Sentence Structure Patterns,2024-09-12 22:22:25.652406+00:00,2024-09-12 22:22:30.055342+00:00,0.0,2,71,143
14a33d00-3f0e-4c97-a718-97151a257c79,Who Wins with K-J vs. Pair of 10s in Texas Hold'em?,2024-09-13 02:45:55.400298+00:00,2024-09-13 08:45:10.289317+00:00,21548.558517,3,37,321
87baa247-3e52-4860-8c35-f43753ef2782,Jinja Template Formatting for Readability,2024-09-20 10:16:48.682602+00:00,2024-09-23 03:18:01.147485+00:00,234059.260176,10,5795,7991
71444413-19a9-4fc7-b3cf-3ef69049b23c,Optimizing Government Document Writing AI Prompt,2024-09-13 06:14:25.433932+00:00,2024-09-13 06:22:01.668287+00:00,440.238393,3,549,1091
424da835-310c-461a-a568-a8716e650c53,Requesting Assistance,2024-09-18 11:33:26.651365+00:00,2024-09-18 11:37:06.227637+00:00,213.838375,7,821,2704
ccb89a3a-763e-42f3-ab12-7228bb7b523d,Preparing for a PhD in the US,2024-09-19 14:58:44.516079+00:00,2024-09-24 06:42:18.930651+00:00,1083.330522,9,229,7165
c2b350d1-9821-4553-8558-0afbbb5bfdcf,Sentence Structure Patterns,2024-09-12 22:20:40.440810+00:00,2024-09-12 22:21:57.072653+00:00,68.596405,3,73,320
b673bd77-5b81-4774-8af4-4d4ffdf633be,How to Check Your IP Address,2024-09-12 11:20:55.097934+00:00,2024-09-12 11:21:03.466508+00:00,0.0,2,4,285
711ff5eb-3520-4905-87e3-5d7000650d9a,Generating Customized Chinese Word SVG Cards,2024-09-12 08:25:57.163464+00:00,2024-09-12 08:26:24.420499+00:00,0.0,2,436,1617
4b739d0c-f0e6-4ff3-ad00-d43b8c2a333b,Optimizing File Retrieval Prompt,2024-09-20 03:07:11.483451+00:00,2024-09-20 08:30:29.775669+00:00,19373.507296,10,1791,9861
9df460e8-57d5-4347-8ad4-cb3d0fbdb8c8,Outrageous Reasons to Date a Hardcore Gamer,2024-09-12 11:38:47.449216+00:00,2024-09-12 11:40:13.386425+00:00,82.998597,4,2419,2049
74bf8587-6b33-4934-b920-21638a2d04f0,Algorithm to Find Query Position in Reference Text,2024-09-13 07:56:17.356692+00:00,2024-09-13 11:25:55.803601+00:00,12560.276913,8,2498,5282
b4402d40-00b4-46bc-a865-a3a4af66562b,Displaying HTML Page Rendering in Browser,2024-09-12 09:46:54.734832+00:00,2024-09-12 09:54:10.566174+00:00,423.859938,5,50,3681
93bd1ee2-08c2-4c2a-b9bf-fbd1f61dfeb1,Asset-Liability Risk Assessment,2024-09-24 03:28:23.763697+00:00,2024-09-24 11:51:14.841212+00:00,30161.047422,19,1400,5377
80d004d4-8a80-446a-b5bf-b0eeb14cddd2,Challenges of Chinese National Football Team,2024-09-07 00:52:39.970983+00:00,2024-09-07 00:52:49.835410+00:00,0.0,2,53,342
da09176e-efa0-4738-ae75-be77038d430c,How to Revert Git Branches,2024-09-06 08:39:45.786285+00:00,2024-09-06 08:39:54.034309+00:00,0.0,2,6,301
a037c3c6-a0d3-40e6-b8a8-6c17f45ea97b,Gregor Mendel's Groundbreaking Contributions,2024-09-05 02:25:56.316480+00:00,2024-09-05 02:26:50.922799+00:00,43.05104,3,28,939
4233cd77-1534-4ac2-931e-7c36d036c1cc,Resolving Git rebase conflicts when pushing to remote branch,2024-09-09 02:42:16.887208+00:00,2024-09-09 08:22:58.222103+00:00,20428.693642,5,592,2510
7cf85a05-a8f7-4ea6-868c-355cf2282cba,Government Document Writer: Crafting Effective Official Documents,2024-09-13 13:20:58.556662+00:00,2024-09-14 07:16:30.444749+00:00,64526.950176,15,2645,11381
0e848ed1-9b44-46cf-9c50-a2797dcbee22,,2024-09-02 07:10:58.328234+00:00,2024-09-02 07:10:58.328234+00:00,0.0,1,0,0
82965561-0708-440f-8db4-1f69fd6ba6da,Achieving Anaerobic Exercise Intensity,2024-09-04 09:45:39.055883+00:00,2024-09-04 09:47:46.196285+00:00,111.3195,3,41,691
c1941265-75ec-47ed-ae14-c01d6c1a9228,Comparing Chinese Characters with Unicode Normalization,2024-09-03 03:43:17.339832+00:00,2024-09-03 03:59:25.359695+00:00,956.169957,4,190,2457
aa36e83f-d5cb-4e4f-b1b7-848dbbdd92cf,Save and Retrieve User-Uploaded OpenAPI Specifications,2024-09-06 09:59:05.665081+00:00,2024-09-06 10:52:38.655307+00:00,3194.500079,7,895,6133
f928d2f6-19fe-4f73-a93b-48654a9c561c,Omnipotent Assistant,2024-09-03 08:35:13.486249+00:00,2024-09-03 11:55:25.564802+00:00,358.822655,5,179,1266
193b7679-d484-4382-a107-f3bc9f3e09c6,Unconventional Perspectives on Chinese Language,2024-09-12 11:09:51.039656+00:00,2024-09-12 15:44:37.968057+00:00,16482.782593,12,551,16688
70d168c6-33d8-4507-8c64-f404abb6169e,The Evolving Role of Synthetic Data in Advancing Large Language Models,2024-09-06 12:31:48.240016+00:00,2024-09-06 12:59:19.667066+00:00,1640.728964,9,881,2862
83f34c40-3849-4d80-8f13-29ca8c3f7841,Cryptocurrency Expertise of CFA Analyst,2024-09-03 03:54:39.909357+00:00,2024-09-03 04:13:22.448217+00:00,1114.279844,7,61,1269
4db77761-99ae-4015-abc5-6f7819773e55,Optimizing a Formal Document Writing Template,2024-08-29 10:54:18.468879+00:00,2024-08-29 13:00:11.464665+00:00,7534.194941,4,1294,2328
ee09c336-ee6c-47ce-91ce-6089126c256c,Optimizing a Prompt for Formal Document Editing,2024-08-29 13:01:36.182028+00:00,2024-08-30 05:53:15.028130+00:00,60681.687481,4,631,1678
64160fd5-e8c9-4e44-ae6f-cb065256382b,Resolving CUDA Runtime Library Missing Error in Build,2024-08-28 03:23:03.905010+00:00,2024-08-28 03:34:34.257262+00:00,680.138271,3,164,1129
eb5df2de-550a-4978-a7e9-2703e7837d97,,2024-08-22 09:36:50.958212+00:00,2024-08-22 09:36:50.958212+00:00,0.0,1,0,0
4c1a06cc-c470-400f-aa81-26f382fff7b7,"Identifying the Preceding Line of ""Two Shores, Gibbons Cry Endlessly""",2024-08-22 09:35:48.980624+00:00,2024-08-22 09:36:29.857894+00:00,0.0,2,14,211
84691849-2860-44de-8aeb-462492c75652,Unconventional Perspectives on Chinese Language,2024-09-12 05:06:30.305329+00:00,2024-09-14 01:46:40.683837+00:00,160808.955174,15,565,19015
26e1e485-ced7-44bb-a83b-2ac0a557d709,Chrome Extension to Automatically Share Conversations with Mentioned Contacts,2024-08-26 06:43:46.677565+00:00,2024-08-26 06:44:15.096495+00:00,0.0,2,29,1085
43577fb1-e27f-4c55-b98b-44797c72acf6,Greatest Physics Formulas,2024-08-23 08:41:08.876516+00:00,2024-08-26 08:30:26.929740+00:00,258551.225712,3,166,829
0d5c5b7f-77e9-4c28-a927-63f8a6cb9307,Integrating Function Calling into AssistantsProcess,2024-09-09 09:08:23.179483+00:00,2024-09-09 16:40:00.246382+00:00,27079.528857,12,4494,10634
b3040414-7744-4e44-8bd5-e513576badc6,"Tracing the Origins of ""Two Shores, Apes Calling Endlessly""",2024-08-22 09:34:46.967875+00:00,2024-08-22 09:35:07.860735+00:00,14.595888,3,29,212
394f8f90-c8d5-4a6d-83d9-974356c2bb9c,Returning and Reusing Topic ID in Chat Code,2024-09-10 03:49:56.837417+00:00,2024-09-10 09:23:11.255502+00:00,19959.510539,15,1449,10992
8effd9d5-0beb-4ba4-99be-1939c399c0dc,Optimizing Government Report Content Structure,2024-08-22 03:32:11.006270+00:00,2024-08-22 03:48:25.625876+00:00,955.89214,4,1186,1985
766fff5f-7860-4f95-9911-a5a2e3667cbd,Identifying Song Lyrics at Live Performance,2024-09-03 12:50:46.755889+00:00,2024-09-03 16:26:48.088334+00:00,12958.171315,12,197,1977
e54bfebd-25ed-4867-8dbb-fabb1a4fa8cc,"Biting Satire on the Rat Race of ""Neijuan""",2024-09-12 03:05:52.740096+00:00,2024-09-12 10:56:37.172918+00:00,28225.08316,17,307,28564
abb46eb8-791c-4e99-90dc-667ce068909d,Financial Data Processor,2024-08-20 07:02:07.603284+00:00,2024-08-20 07:02:25.561428+00:00,0.0,2,727,613
f5c28719-07fe-425b-b983-728e9c1528c5,Optimizing Prompts for Long Code Generation,2024-08-20 08:22:54.195643+00:00,2024-08-20 08:24:51.484672+00:00,99.883476,3,711,1386
593530fb-c1f9-45f4-b669-dd0498b3ec79,Boss Healing Mechanics in Games,2024-08-21 12:34:13.299831+00:00,2024-08-21 12:35:54.197106+00:00,89.856565,4,45,1068
2d61935a-a89e-4601-aef8-86fa2778288a,Algorithm to Remove Empty Rows from Data with Variable Columns,2024-08-20 03:26:54.845046+00:00,2024-08-20 06:25:11.636727+00:00,10680.37096,4,2622,1927
0f546a44-7222-4682-9506-1abc3c96633c,Optimizing Assistant Configuration Workflow,2024-08-28 08:41:43.343783+00:00,2024-08-29 09:37:53.587864+00:00,89745.092539,10,2646,7235
0ceb0c94-da26-4076-b03b-829a199afe9c,Recommended Wall Space for 98-inch TV,2024-08-21 02:26:54.407798+00:00,2024-08-21 03:17:11.947892+00:00,3006.804105,6,634,2223
f1a3a9b1-4ddf-4ee0-a7f0-752e810a6841,Satirical Chinese Language Interpreter,2024-09-11 11:52:55.753044+00:00,2024-09-12 05:00:26.697665+00:00,61639.022359,19,911,24894
8bd7c211-6c6c-481d-a5a3-48ae0e6cb469,Customized Outline Template for Government Documents,2024-08-21 07:53:44.987874+00:00,2024-08-22 02:59:41.161201+00:00,68732.627841,8,1548,5364
aa12cc8a-12bc-4afc-aebe-253587d89c42,Prompt for Determining Need for API Calls,2024-09-05 12:27:53.536207+00:00,2024-09-06 09:39:26.035602+00:00,76281.723259,15,2046,10088
1611918f-7e67-4c7a-85b5-bd68ebe7c449,Evaluating Telegram Conversations for Privacy Concerns,2024-09-04 01:28:34.989794+00:00,2024-09-04 05:55:51.396869+00:00,16033.083182,17,280,4159
f585a3e5-b496-417e-a70d-8cb33070e929,Introduction to LEAN Programming Language,2024-09-13 05:40:18.123704+00:00,2024-09-13 05:42:33.748125+00:00,127.89181,4,39,1325
a52ed258-ab51-4690-be48-4acaaaa1ac06,FastAPI Services for Data Analysis,2024-09-04 12:38:09.054043+00:00,2024-09-05 06:17:15.338966+00:00,63522.592249,19,2144,18585
bbbf7328-d60d-4d41-bd83-017fb4bd2589,Procurement and Payment Details for Xuhuiqu Propaganda Department's Network Security Platform,2024-09-14 07:27:19.870552+00:00,2024-09-14 08:30:26.291197+00:00,3776.798096,7,395,2073
deabb125-3f63-4128-9c4a-82350a7ab5d3,Programming Interview Questions for Candidate,2024-08-23 02:36:36.292253+00:00,2024-08-23 07:48:22.808302+00:00,18695.805823,3,50,772
d2495533-4349-47f7-85d4-a49ee3e9a3ca,Developing a Deck Building Game on macOS,2024-08-15 03:30:04.917755+00:00,2024-08-19 06:27:29.369141+00:00,356206.591706,13,875,7157
d862c338-ee88-4485-90d5-7a03ccb4cbeb,Resolving Parameters Parsing Issue in OpenAPI Specification,2024-09-05 06:22:16.632330+00:00,2024-09-05 09:43:50.812043+00:00,12069.791472,8,1420,6993
aba9c4eb-253b-4883-8976-383bf82a59fe,"Translating ""Dog Days"" into Chinese",2024-08-18 09:45:52.989574+00:00,2024-08-18 09:46:02.879716+00:00,0.0,2,0,199
cd92e66e-b046-43e6-b679-9379ea45aba6,What is the Punchline?,2024-09-06 05:31:14.620331+00:00,2024-09-06 05:37:09.427878+00:00,347.161478,6,35,1460
3e59f60a-2938-4d20-9ee7-c0b7b68e7d95,Visualizing ALMR and LR Performance Tradeoffs,2024-09-12 07:02:16.561304+00:00,2024-09-12 07:02:28.162580+00:00,0.0,2,5,315
89cf6da8-52ae-4483-8323-2b1ef31bde48,"Identifying the French Musical ""Les Mis√©rables"" from Stage Photos",2024-09-21 08:52:09.033066+00:00,2024-09-21 08:52:19.944482+00:00,0.0,2,13,324
9cf7e669-2957-42c8-a5dc-9d12c0d317c3,Evaluating CodeForces 89th Percentile Performance,2024-09-13 02:30:08.349735+00:00,2024-09-13 02:30:19.880572+00:00,0.0,2,7,252
e7f3e1ee-1c1f-4145-8544-0454a26aac22,IP Address Configuration Issue,2024-09-10 03:42:29.565994+00:00,2024-09-10 08:22:44.326803+00:00,0.0,2,8,231
ed93f188-4c2d-4aec-bb25-dfe9e90ccaf8,Identifying a Theatrical Performance,2024-09-21 08:50:59.955048+00:00,2024-09-21 08:51:19.936195+00:00,12.784523,3,8,576
e5540c8d-581b-4b14-ad70-ff8a9aaa07d7,Generate Haiku-Style Word Explanations with SVG Cards,2024-09-12 09:03:08.856877+00:00,2024-09-12 09:19:45.391297+00:00,985.12332,6,1318,3164
538de60f-631d-4c46-b219-71309d0fe0a3,Vibrant Theatrical Finale,2024-09-21 08:50:10.763505+00:00,2024-09-21 08:50:19.388057+00:00,0.0,2,0,186
5427268a-ac1b-4adb-b183-381d7a280714,Fixing Decode Text Length Mismatch,2024-09-19 08:16:15.851262+00:00,2024-09-20 02:48:36.258876+00:00,66720.071572,14,1846,11761
eb4402c0-bf96-41f9-85cc-3b60eaab66ec,Optimizing Newline Formatting in Python,2024-08-22 07:33:38.761116+00:00,2024-08-22 08:21:06.029256+00:00,2834.600833,4,144,1380
41bf58e6-6a0b-4a90-aa39-a55332470906,Extracting OpenAPI Parameters from FastAPI URL,2024-09-04 07:36:01.408854+00:00,2024-09-04 12:02:39.607130+00:00,15988.895685,7,988,3199
f4255ccb-23d0-4e1b-889a-ae4400a0ba15,Storing Partial Image Base64 Encoding in MySQL,2024-09-03 06:49:14.254601+00:00,2024-09-04 07:34:52.923270+00:00,89124.363683,22,2294,20114
cdb0306e-7b31-4061-90a9-61780bb95b90,Critique of China's AI Research Approach,2024-09-18 23:55:14.252853+00:00,2024-09-18 23:55:25.435641+00:00,0.0,2,7,265
9ba3cc07-273b-4f61-8c7a-daaaddf2ac71,Poetic Name for a Dragon Year Baby Girl,2024-09-09 14:36:31.034041+00:00,2024-09-09 14:37:48.228826+00:00,68.508966,5,32,1587
c276db0a-f829-46d1-8868-7bb2ea61226b,Stardew Valley Board Game Rules,2024-09-07 03:54:50.444364+00:00,2024-09-07 11:58:39.772267+00:00,29025.236824,8,62,1601
c8a53502-54f4-40dc-9bb7-7e75c6682a5d,Explaining the DataGemma System,2024-09-12 13:11:18.511692+00:00,2024-09-12 13:11:28.714871+00:00,0.0,2,5,283
3422dfaf-4d94-46cb-8d44-f31c3a7177db,Calculating the Volume of a Pizza,2024-08-22 04:53:41.133049+00:00,2024-08-22 04:53:48.523363+00:00,0.0,2,0,180
6b8043df-8da6-4849-a976-9042d01d07da,"Crafting a Prompt for Insightful, Witty Explanations",2024-09-12 08:35:16.850611+00:00,2024-09-12 08:45:22.675929+00:00,585.794399,6,551,6166
071c7569-bb7d-4472-9c06-6b44384d6c9d,Explaining the Q/K/V Calculation Logic,2024-09-11 02:34:40.281406+00:00,2024-09-11 03:06:12.020706+00:00,1881.750323,7,1072,3541
92cf06c6-182a-4a40-94e9-2fe0779db697,Optimized Text Splitter with Preserved Formatting,2024-09-19 04:02:00.327336+00:00,2024-09-19 08:10:10.711320+00:00,14869.369194,13,2519,11005
222a0058-9680-4cc4-8e54-d171a144185e,Controversy over OpenAI leadership changes,2024-09-26 02:13:59.554052+00:00,2024-09-26 02:14:41.662962+00:00,38.621986,3,66,342
27007026-ca55-4d30-8451-738ab8400e4d,Optimizing Mindmap Prompt for Conciseness,2024-11-21 07:10:36.796021+00:00,2024-11-21 07:10:50.075893+00:00,0.0,2,1466,405
1fe6e0af-6ef1-4bc4-b499-2a79bd748fd5,Accessing Academic Literature,2024-11-15 08:14:22.086935+00:00,2024-11-15 08:14:29.313810+00:00,0.0,2,13,176
07b2d8ce-d45b-4302-a144-095c9918e59f,Creating Empty Files in Python,2024-11-15 06:55:26.505003+00:00,2024-11-15 06:55:36.173828+00:00,0.0,2,42,282
9129924b-acad-4f36-babc-e5658cd69112,Sci-Hub's Academic Paper Collection,2024-11-15 11:32:32.539559+00:00,2024-11-15 11:33:09.417439+00:00,29.586268,3,17,459
69a5549a-bfbc-4b7a-8d33-31ccd6d4965c,Resolving Git Push Conflicts,2024-08-29 11:48:45.738472+00:00,2024-09-24 07:58:12.751304+00:00,2232559.585169,5,494,2027
74b51b98-7520-4f12-8e2d-3d6720dff931,,2024-11-12 02:59:17.184988+00:00,2024-11-12 02:59:17.184988+00:00,0.0,1,0,0
5565d3b3-9e5c-486d-8dd0-53d15816410c,Building a Flappy Bird Game with React,2024-11-14 08:57:03.611627+00:00,2024-11-14 09:03:41.756810+00:00,350.38801,4,35,7439
b61d4dbd-e959-440d-bd0e-8486f7d7ff88,Parallelizing Async Tasks for Faster Content Generation,2024-11-12 07:58:48.796048+00:00,2024-11-12 08:06:54.716368+00:00,468.509059,4,521,2370
34ff2a3c-e67f-495f-af0e-88f75bd19194,Smallest Even Number Not Sum of Two Primes,2024-11-13 08:43:17.398420+00:00,2024-11-13 08:50:02.367817+00:00,394.038226,5,56,1351
493acc91-a96f-4433-82c8-f8a8221876c2,,2024-11-06 01:14:04.656100+00:00,2024-11-06 01:14:04.656100+00:00,0.0,1,0,0
972151ee-f520-457b-ac6f-84853f5783de,LightRAG Documentation,2024-11-04 09:36:28.592262+00:00,2024-11-04 09:36:58.299258+00:00,0.0,2,776,953
82f575c9-7330-4233-961d-05562dd57a13,Extracting Metadata Fields from Elasticsearch Paper Queries,2024-11-05 03:47:02.963393+00:00,2024-11-05 03:47:28.861274+00:00,0.0,2,488,855
76b6a02d-0b5a-4809-a194-8e8381163964,Humorous Academic Game IDs,2024-11-08 10:11:07.796190+00:00,2024-11-08 10:14:17.119895+00:00,183.603908,6,554,978
5d7f1f50-3774-40ae-8f81-bccb9d68bf6a,,2024-10-31 17:15:02.610856+00:00,2024-10-31 17:15:02.610856+00:00,0.0,1,0,0
b93dc03d-649b-45c3-be4e-e1d5c5f7f540,Exploring the Tactile Differences of Mechanical Keyboard Switches,2024-11-04 06:30:00.061470+00:00,2024-11-04 06:30:50.712711+00:00,38.893753,3,17,886
31f88a22-5251-4ec3-84bc-d77727d79f2e,,2024-10-31 09:49:58.967989+00:00,2024-10-31 09:49:58.967989+00:00,0.0,1,0,0
303603d3-5196-4764-8e6c-69bc029baa9d,Optimizing Prompts for Markdown Mindmaps,2024-11-05 06:35:01.414708+00:00,2024-11-05 06:35:42.966828+00:00,30.333084,4,226,707
25854a6e-70ab-457c-9e23-3020581c34fe,,2024-10-31 17:14:43.303882+00:00,2024-10-31 17:14:43.303882+00:00,0.0,1,0,0
eef887b6-d718-4229-beb7-7197d5767b9c,Friendly Greeting,2024-11-01 00:13:03.908385+00:00,2024-11-01 00:13:07.181421+00:00,0.0,2,1,20
bfeb0833-46b4-44f0-9219-56d5ee437030,,2024-10-31 04:18:37.885014+00:00,2024-10-31 04:18:37.885014+00:00,0.0,1,0,0
c8a71567-5e61-4463-8ba2-35e8f1b5f483,,2024-10-31 00:52:29.477648+00:00,2024-10-31 00:52:29.477648+00:00,0.0,1,0,0
45496411-3b7d-44c0-a79c-14796a3f8806,Sentence Grouping Algorithm Based on Semantic Similarity,2024-11-11 03:54:24.308260+00:00,2024-11-11 06:39:19.797469+00:00,9877.217385,9,930,7418
29d821ce-70a6-43a6-810e-41b0ff543201,Uninstall Miniconda and Manage Environments with Pyenv on macOS,2024-11-11 02:38:36.658388+00:00,2024-11-11 03:31:00.578412+00:00,3132.030216,10,1532,3954
c2d89773-fc2b-4e3b-867c-b43148dc6586,Excel Data Retrieval and Fuzzy Search Service,2024-09-26 02:55:36.697686+00:00,2024-09-26 03:50:04.962475+00:00,3252.597693,15,2834,10926
f8773a74-6c0d-4aa4-8cc5-b6f4c99db7cc,,2024-10-31 00:52:18.024294+00:00,2024-10-31 00:52:18.024294+00:00,0.0,1,0,0
21932f25-0fc3-466c-af19-613dcf01ed6e,,2024-10-31 00:52:05.246832+00:00,2024-10-31 00:52:05.246832+00:00,0.0,1,0,0
efff7091-186b-458e-80ad-33adb47a2c4d,,2024-10-29 12:37:48.855888+00:00,2024-10-29 12:37:48.855888+00:00,0.0,1,0,0
460faa52-80d1-4637-a243-8d2a2e0c5c84,Retrieve Full Paper Content from PDF Link,2024-11-05 07:08:19.565514+00:00,2024-11-05 11:04:58.225454+00:00,14177.589731,8,2411,5245
cc403c51-1d7a-419e-bb33-29206c2114ee,,2024-10-30 04:32:21.067102+00:00,2024-10-30 04:32:21.067102+00:00,0.0,1,0,0
dffb938b-6e3e-4a0e-8cc1-f3e91a77f22b,,2024-10-29 02:23:13.957866+00:00,2024-10-29 02:23:13.957866+00:00,0.0,1,0,0
a6d942b8-1278-4d68-b5e9-0ab1acbf66e4,Controlling Topk and Temperature in LLM Fine-tuning,2024-10-29 02:18:01.070507+00:00,2024-10-29 02:18:12.941873+00:00,0.0,2,13,298
7ab2c668-aa4d-4514-b172-f8ca123eb44f,Formatting Markdown Outlines with Hints,2024-11-06 07:17:47.697483+00:00,2024-11-07 09:59:19.034755+00:00,96067.806707,11,1847,5331
97bb74f3-9c52-4ca6-aa07-a6a102a791a1,Âø´ÈÄüÊéíÂ∫èÁÆóÊ≥ïÂÆûÁé∞,2024-10-25 03:04:06.791518+00:00,2024-10-25 03:04:25.948811+00:00,7.165033,3,12,585
4da34fc2-d3f8-4cc9-9141-da72ab782ea6,Troubleshooting Elasticsearch Docker Configuration,2024-10-28 08:42:58.029953+00:00,2024-10-28 08:45:57.558838+00:00,166.052788,4,370,1264
1c0a8448-a5da-4e10-bbd1-e1834242195f,Comparing 9.11 and 9.8,2024-10-23 03:53:43.175655+00:00,2024-10-23 03:54:35.978045+00:00,51.103061,3,29,41
9e674d70-42b4-495d-8199-f30d04adc2d3,Adding Stream Output Support to OpenAI Completion,2024-10-21 06:08:03.103590+00:00,2024-10-21 06:11:18.968062+00:00,168.959667,3,507,1737
8f5896bb-e073-4d9d-a6d4-8ea306d1c7df,Minimizing AoE Magic Usage in Monster Elimination,2024-10-17 09:12:07.615436+00:00,2024-10-17 09:12:34.349085+00:00,0.0,2,804,704
a60c9d3a-89d3-4958-82a6-dcb6f3cf6a68,Initializing a LightRAG Class,2024-10-16 06:32:32.921927+00:00,2024-10-16 06:32:39.855544+00:00,0.0,1,0,0
2cfd934c-e229-4910-ad9d-2decfd9ddcac,Introduction to Chinese Rock Star Li Zhi,2024-10-23 03:51:53.076599+00:00,2024-10-23 03:53:20.116028+00:00,77.623017,5,40,1036
c3baf92a-6259-413c-a006-8e797063ad18,Docker-based MySQL Setup for Chat App,2024-10-22 08:55:53.980664+00:00,2024-10-22 09:00:42.466456+00:00,274.76843,5,283,1886
33365efc-e4cd-40f6-990a-16a7d65c57b5,What is EventStream?,2024-10-16 02:50:41.926937+00:00,2024-10-16 02:52:43.384506+00:00,111.260964,3,21,627
54e6a87b-2e3a-421e-9caf-711ae3306123,Converting String to List for Elasticsearch Insertion,2024-11-01 02:26:24.660974+00:00,2024-11-01 06:09:07.219394+00:00,13336.390804,13,2237,11097
7e7dd3b0-387c-4d2e-a1a0-22528f6cc493,,2024-10-10 09:37:02.557261+00:00,2024-10-10 09:37:02.557261+00:00,0.0,1,0,0
b4d95dac-d74a-4ac8-910b-04572b64cc42,Understanding Python's Generic Abstract Base Class,2024-10-15 08:47:07.975417+00:00,2024-10-15 09:13:38.519193+00:00,1572.939374,3,267,1031
7307013a-bbb1-46e4-a99e-2dfdf391145b,Prompt for Evaluating Answers and Providing Guiding Questions,2024-10-08 09:01:34.717776+00:00,2024-10-08 09:01:58.279557+00:00,0.0,2,463,616
869d27f8-35f9-42d7-9956-c449a652edfe,Elegant self.summary update by task_name,2024-09-29 06:42:22.512505+00:00,2024-09-29 06:42:35.079180+00:00,0.0,2,299,548
d93425f4-6fe4-4fda-af85-053f46d43ea8,Implementing Automatic Retries for Async Services,2024-10-18 03:35:49.702806+00:00,2024-10-18 06:37:12.072517+00:00,10858.609219,7,3135,6704
89177fb3-c11a-45ee-9ab7-44c3ca3fae7c,Troubleshooting Docker Image Pull Timeout Error,2024-09-30 06:44:33.625370+00:00,2024-09-30 07:09:39.329357+00:00,0.0,2,106,508
0e2461fd-bbc0-48e2-8b1e-1645dbb43222,Reasons Why Localization Groups Don't Translate Chinese Games and Anime,2024-10-09 08:59:53.209662+00:00,2024-10-09 11:51:48.306913+00:00,10301.505221,5,2695,1006
583179e8-03f9-4720-8ace-8f0446e5d52b,Gacha Mechanics in Anime Games,2024-10-14 03:10:10.537349+00:00,2024-10-14 03:25:53.101162+00:00,934.289524,8,343,6434
401034d6-d5c1-43d6-986a-868583f2ad21,Converting JSON to Text Output in Python,2024-09-26 12:32:58.076111+00:00,2024-09-27 08:39:13.166815+00:00,72365.871984,8,853,3963
30e00f64-85b4-4c29-a10f-430b43b74900,Evaluating Answers as a Professional Assessor,2024-10-08 09:02:21.432991+00:00,2024-10-08 09:10:24.420952+00:00,477.863403,8,2108,1027
58f47546-c84a-43bc-9159-0e0b4cf9938d,What is this Yellow Fruit?,2024-10-19 05:25:18.933290+00:00,2024-10-19 05:25:29.672163+00:00,0.0,2,4,213
14c0d807-ef11-4fff-a73e-4f6469a3ced1,Differential Transformers: Improved Attention Mechanism,2024-10-09 13:17:15.903637+00:00,2024-10-09 13:24:35.121166+00:00,428.645966,5,137,1871
7782cd59-a82e-4826-b839-842652c17578,Troubleshooting Streaming Output in Python Function,2024-11-12 07:48:01.373225+00:00,2024-11-12 07:48:26.497712+00:00,0.0,2,16,1053
e4f7ba8f-385f-4cbd-9ecd-43c152e55b26,"Fixing ""Return statement with value is not allowed in async generator"" error",2024-09-25 12:48:51.548832+00:00,2024-09-25 12:53:07.226015+00:00,244.565032,4,282,2367
24bcc88e-de2f-4611-87e3-09d1ad6d7a79,Modularizing Financial Analysis Workflow,2024-09-25 12:54:48.846679+00:00,2024-09-25 12:57:51.373187+00:00,150.208881,3,116,2728
7fa83816-7784-4da3-baf0-9132a034182f,Implementing a Differential Amplifier,2024-10-10 02:42:36.476076+00:00,2024-10-10 07:12:55.673941+00:00,16206.870796,13,3248,7494
324206ab-e007-481d-9ac3-1011ec36531d,Python script to download compressed server response,2024-10-11 07:55:09.166288+00:00,2024-10-11 09:11:57.253291+00:00,4595.962852,9,454,9528
aefc83a5-5b60-45c4-be9d-a8b0b82f3823,50W Deposit at 1% Annual Interest,2024-09-28 00:35:49.875891+00:00,2024-09-28 00:44:29.878565+00:00,516.183978,4,28,620
b125f5d8-3f1a-4295-b440-7e09bb7e81f4,Automating Paper Access with Sci-Hub Integration,2024-11-15 10:55:33.417597+00:00,2024-11-15 11:11:26.381116+00:00,926.756144,7,352,6872
29b1c738-4e8d-4511-8d0c-9c44154521b5,Formal Type System Typing Rules,2024-11-04 03:47:58.530270+00:00,2024-11-04 03:48:48.960413+00:00,43.973382,3,8,1341
bd96005f-0c15-4b9a-b7ec-fccff69b31a5,Streamlining Scientific Literature Search with Sci-Hub Integration,2024-11-15 08:16:16.430679+00:00,2024-11-15 09:07:09.013918+00:00,3039.038838,15,1342,18951
a7129139-6408-4229-8e40-3200de762f33,Fixing Mixed Content Errors on HTTPS Pages,2024-11-15 10:44:05.089874+00:00,2024-11-15 10:45:59.813339+00:00,103.283697,3,54,3398
cb8f4603-3cf6-4d57-ae06-0f567242f32b,Daily Income from Financial Product,2024-09-30 04:17:56.063465+00:00,2024-09-30 05:03:57.907023+00:00,2756.161132,6,231,1632
b92daf40-398c-40fa-afad-db7793014cd4,Fixing Mixed Content and Connection Errors,2024-11-15 10:34:45.987973+00:00,2024-11-15 10:41:44.688731+00:00,373.420993,5,177,8269
418592b6-43b7-4531-a990-86a132301b1b,Securing Scholar Extension for HTTPS,2024-11-15 10:23:33.639821+00:00,2024-11-15 10:34:14.872932+00:00,605.260038,4,143,4353
ca3d40e0-23fd-4dd0-bff9-76646fa4bf47,Converting MATLAB SVD Code to C and Python,2024-11-08 03:13:34.183152+00:00,2024-11-08 03:47:51.241668+00:00,2014.577682,13,2191,13167
87aad225-3b94-4eed-b051-843feaa43848,Troubleshooting Elasticsearch Connection Issues,2024-10-23 08:45:12.046333+00:00,2024-10-23 09:11:46.521617+00:00,1583.445131,11,2146,3942
61cada3e-b012-4520-a7e4-ee0135489660,Unified Asynchronous Paper Analysis API,2024-11-12 06:20:37.755042+00:00,2024-11-12 07:26:24.743569+00:00,3896.68154,11,940,6770
728b9b9f-24ec-406e-b3a7-dd1ad1290cf5,Optimizing Client Code for Unresponsive VLLM Server,2024-10-17 02:45:58.807965+00:00,2024-10-17 02:46:34.433222+00:00,0.0,2,404,1057
1297b756-bb19-4224-b793-c52a9c82908c,Optimizing Paper Processing Script with Translation and Summarization,2024-11-11 09:33:45.640327+00:00,2024-11-11 09:42:27.836813+00:00,494.620402,3,864,2244
9be9e0ff-585b-409f-82e5-fd695194d146,Explaining the Motivation Behind DSSM,2024-09-29 11:58:46.797965+00:00,2024-09-29 11:58:59.176831+00:00,0.0,2,11,392
3dcf4413-cbe3-4e77-a658-1894532a9ccc,Explaining PDF Layout Analysis Algorithm,2024-10-31 03:27:46.602763+00:00,2024-10-31 03:52:09.372752+00:00,1451.846474,3,20,867
07de493e-b9c7-46d4-844b-904a6f3fd1d0,Fixing Broken Links and Duplicate Output,2024-11-15 10:14:23.402220+00:00,2024-11-15 10:22:29.714452+00:00,433.258457,4,165,5795
64a92ec8-6ddf-4050-ad9e-e5f5d5bc2a0a,Synchronize OpenAI API Calls to Reduce Concurrency Issues,2024-10-16 09:24:16.110991+00:00,2024-10-16 12:57:19.847127+00:00,12757.143355,4,393,2864
8a1e07f1-ce3f-4331-96b3-bf71fc789d4f,Fixing Await Syntax Error in JavaScript,2024-11-15 10:01:23.452311+00:00,2024-11-15 10:06:41.981717+00:00,276.719863,4,174,4230
414d18c0-9627-4f70-98e9-a1800430bf27,Explaining Stock Lockup Expiration,2024-09-27 13:38:25.505192+00:00,2024-09-27 13:38:34.249161+00:00,0.0,2,6,264
9d7d9272-accd-4ac1-83ac-49b4362fcc46,English Translation and Editing Assistant,2024-09-29 03:22:06.334231+00:00,2024-09-29 03:49:48.132444+00:00,1657.844389,10,708,1712
be2cf744-287e-400c-997f-b57fd8c4cadf,Unified Paper Operations API,2024-11-04 03:29:30.542073+00:00,2024-11-04 07:36:42.498967+00:00,14796.405113,8,967,4124
b63dc443-00b7-4476-ac9b-74d46c2a4a56,Optimizing Academic Paper Summary Prompts,2024-11-14 07:26:59.306972+00:00,2024-11-14 08:30:30.239699+00:00,3793.978113,7,1022,3104
d81ff9a0-4af3-4b30-8215-3ab92d8a33d1,Thoughtful AI Assistant Protocol,2024-11-14 08:48:51.315958+00:00,2024-11-14 08:52:59.754844+00:00,237.856356,7,46,4411
0ae56182-5662-4c5f-8fad-d2e06d6c1082,Updating Metric Regeneration Logic in Existing Workflow,2024-09-25 13:01:14.063317+00:00,2024-09-26 09:34:10.852214+00:00,73948.941003,13,2596,10048
44979922-06b2-4bdd-baf1-34fdae8fa872,Dual-Tower Model: Separate User and Item Embeddings,2024-09-26 11:44:58.750467+00:00,2024-09-26 14:53:00.800004+00:00,11269.505369,21,909,23779
21ac5970-453a-4883-a671-f5aeaaec117b,Meaning of IQ Distribution Meme,2024-11-05 04:11:43.974192+00:00,2024-11-05 04:11:51.517552+00:00,0.0,2,4,213
d81b01b8-a11d-46b8-a09d-68d33310455c,Friendly Greeting and Assistance,2024-10-16 06:44:59.860922+00:00,2024-10-16 06:46:01.141290+00:00,58.52248,3,12,596
2cbd83b4-89ac-4fa0-bc89-e3e5f2e7dcac,Unexplained Skin Bleeding - Medical Advice Needed,2024-10-14 01:40:59.173412+00:00,2024-10-14 01:41:26.347951+00:00,17.52764,3,6,475
c31e454e-fac3-4884-b01e-95439456a601,Interpreting Text Chunking Performance Metrics,2024-10-24 03:44:57.394368+00:00,2024-10-24 12:09:59.518378+00:00,30288.300323,5,459,2122
80333552-48a7-4f1c-bb35-26089e59351d,Analyzing a Shadow Priest Deck's Core Strategy,2024-11-28 01:43:09.463122+00:00,2024-11-28 01:45:48.310169+00:00,148.722393,3,30,635
bfbea4dc-ff45-4268-aaf4-7893df3698d8,Meaning of Sapporo Beer Can Bumps,2024-10-06 14:06:13.510970+00:00,2024-10-06 14:07:36.707508+00:00,77.020673,4,28,882
2ebcbd0f-f2cb-4ffc-b4b9-a0acf41a2693,Google Scholar Plugin: Seamless PDF Access and Sci-Hub Integration,2024-11-15 09:11:12.202484+00:00,2024-11-15 09:59:38.289552+00:00,2864.943619,18,1209,22084
01b708ed-af7f-472a-8608-00c2512aa4dc,Improving JSON Data Representation,2024-09-29 03:07:59.981219+00:00,2024-09-29 09:19:36.901672+00:00,22289.801588,5,939,1764
1eebcc95-4771-4936-9aa7-04b644deeb57,Enhancing Text Fragments for LLM Understanding,2024-11-01 08:25:50.423778+00:00,2024-11-01 09:13:24.353540+00:00,2844.207519,7,179,3707
f5457215-31cb-4c13-801c-4299169f3479,Converting Math Problem to LaTeX,2024-10-09 03:34:27.488298+00:00,2024-10-09 06:15:28.672458+00:00,9654.455875,10,34,2047
b8343dac-c8a0-4b88-b614-1e9786275e18,Swing States in US Presidential Elections,2024-11-06 02:23:57.635056+00:00,2024-11-06 06:35:25.604905+00:00,15077.868953,15,360,13631
0836210e-b9f0-4d81-a867-45f54e90a4f3,Prompt Templates for Query Rewriting and Response Generation,2024-11-01 06:29:35.326715+00:00,2024-11-01 06:38:33.832616+00:00,526.300368,3,443,1068
9219f3c3-3079-4f7b-9614-e345b165cefd,Resolving Python Library Warnings,2024-10-14 08:35:01.537648+00:00,2024-10-14 12:01:09.890760+00:00,12358.922442,8,750,4941
7f735b3c-3b72-4a8a-97d5-661aceb02ef0,Generating Mind Maps with LLMs,2024-11-04 11:33:44.881913+00:00,2024-11-05 03:05:11.499517+00:00,55871.455585,11,1417,6584
607a1e8f-3fc5-4ebb-b760-1ac87abf0c90,Troubleshooting Slow Service Performance,2024-09-30 02:25:04.032146+00:00,2024-09-30 08:09:24.957516+00:00,20650.54835,24,2247,14692
e85574ce-d4de-4f08-8599-51ce87e353b9,Checking for Empty Strings in Pandas DataFrame,2024-11-18 02:52:35.304297+00:00,2024-11-18 02:52:44.029204+00:00,0.0,2,82,234
739bde7f-8b8e-4a17-9caf-3d358a804cb2,The Lonely Penguin's Tragic Journey,2024-12-27 02:08:21.099200+00:00,2024-12-27 02:08:33.538694+00:00,10.573679,2,297,429
d40511e2-146c-4a1c-b8fc-81cf216bf8aa,Uploading Chrome Extension to GitHub,2024-11-18 02:20:56.127387+00:00,2024-11-18 02:29:50.870112+00:00,520.299552,3,156,848
d8312dde-d62b-48f3-8fcc-fba864fed485,Resuming Git LFS download,2024-12-25 03:02:06.594823+00:00,2024-12-25 03:04:00.800133+00:00,113.469664,3,518,239
3dd5ea84-d625-4e4d-a538-8dc105fddbf6,Alphabetical Order of References in Academic Papers,2024-12-25 07:42:59.089354+00:00,2024-12-25 07:43:25.597300+00:00,25.545577,3,229,460
2f26dae2-293a-4333-9a22-8aafd3d29a29,Resolving Python Environment Configuration Issues,2024-11-19 03:47:45.899303+00:00,2024-11-19 03:57:27.896983+00:00,570.782189,5,471,1710
2aef96e2-a824-4dfa-b38c-fe72dc3c12b3,"Charming ""Monkey-Like"" Man Portrait",2024-12-25 03:58:14.152470+00:00,2024-12-25 03:58:59.672086+00:00,44.648182,3,201,509
e539212d-c911-452d-8fe7-1574b5300a7b,Guessing Game: Pick a Number,2024-12-23 12:47:23.335024+00:00,2024-12-23 12:47:52.321242+00:00,28.405394,3,22,62
2988dade-3dd8-48bb-b6de-44af6fa0f2fd,Multi-Document Summarization Service,2024-12-24 07:13:41.323303+00:00,2024-12-24 07:18:37.819489+00:00,295.669018,3,116,489
c52ecaf9-3730-4fd9-850d-034bd069e197,PPT Outline Generator Template,2024-12-23 07:23:36.692409+00:00,2024-12-23 07:23:46.436128+00:00,7.485166,2,321,346
eaed5771-0b72-40f0-ab43-7573efedb446,Solving the 24 Point Puzzle,2024-12-20 02:29:25.618780+00:00,2024-12-20 02:29:47.632203+00:00,17.168,2,10,241
d374704e-65ee-4f5d-a90a-06cde28a89b8,Arithmetic Puzzle: Reaching 24,2024-12-19 11:32:22.566760+00:00,2024-12-19 11:32:30.974482+00:00,5.035221,2,41,232
8888e720-c32b-4854-8069-1f3668302ca0,Optimizing AI Data for Multilingual TTS and LLM,2024-12-18 14:20:50.760962+00:00,2024-12-18 14:21:09.674462+00:00,15.484146,2,970,566
9ae6f2e9-b68d-49df-b620-7444d82f7f2d,The Meaning of Buying Flowers for Oneself,2024-12-22 16:37:32.711461+00:00,2024-12-22 16:39:21.276751+00:00,108.041859,4,38,1129
0849957f-6ca4-489e-909a-fb8d3f6b649e,Requesting Concrete Example for Generating Citation Descriptions,2024-12-23 09:51:03.700996+00:00,2024-12-23 09:57:36.130273+00:00,391.559261,6,2278,2306
3d7ec3d4-5119-489f-b885-28eae2a9804b,Solving 24 with 10 10 4 4,2024-12-19 11:45:10.524124+00:00,2024-12-19 11:46:01.705957+00:00,48.739129,4,33,645
efcdb00c-43e0-48b6-8c94-299851db775e,Relating Papers and Tasks Tables to Analyze Recent Paper Counts,2024-12-23 02:30:34.539182+00:00,2024-12-23 03:32:30.038729+00:00,3714.042062,7,508,2687
8e626eed-65be-4011-adf0-70c3d170d5a3,Analyzing a Literature Search Query,2024-12-17 03:40:53.208031+00:00,2024-12-18 06:48:18.303300+00:00,97642.405655,4,751,907
88edfa7b-d8a6-469c-ad31-ec25f58b315e,Quantifying the Significance of Mazu in Fujian Culture,2024-12-16 02:32:03.107230+00:00,2024-12-16 02:33:58.560070+00:00,20.7107,2,17,1092
056ce98c-c914-45cd-b475-e2a4b65c7b25,Fixing Pagination Logic to Avoid Duplicate Data,2024-12-12 09:49:25.849998+00:00,2024-12-12 09:49:38.132496+00:00,8.124054,2,129,352
2baadbea-66be-4841-b7d1-a05573628ee1,Prompt Engineer's Existential Crisis,2024-12-11 14:11:06.019352+00:00,2024-12-11 14:11:09.967180+00:00,1.601621,2,25,25
555fc67c-dc1a-44b0-8c1b-3a25d34b11ea,Comparing LSTM and ResNet: A 90-Degree Rotation Analogy,2024-12-16 09:55:00.320922+00:00,2024-12-16 09:58:15.474390+00:00,194.329794,5,176,1779
885da697-f4d0-4284-bed7-dd8dab92536b,Command line xxHash calculator,2024-12-12 06:52:23.101201+00:00,2024-12-12 06:53:00.293066+00:00,36.745575,3,18,1014
595c9f14-fe03-448d-94ba-ebe847e2451b,Top Unique Shanghai Bars,2024-12-11 12:58:45.370678+00:00,2024-12-11 13:00:00.695808+00:00,74.858348,3,13,424
fad31bda-51ac-4c6b-969d-ff535e5017cb,Setting Daily Paper Update Start Date to Previous Day,2024-12-10 12:02:10.186411+00:00,2024-12-10 12:14:02.475047+00:00,705.282445,3,646,430
a1c168f9-afc1-435a-879f-571c638106be,Resolving Git Branch Divergence,2024-12-19 03:09:34.321424+00:00,2024-12-19 03:58:09.762269+00:00,2908.674941,10,1432,1651
529d5ac1-1a4f-42e0-9cbe-d959e2ae1abe,Optimizing ArXiv Paper Searches,2024-12-09 07:09:21.825116+00:00,2024-12-09 07:09:35.380170+00:00,0.0,2,35,322
86dbcd83-5ec6-49de-aca2-25edb247e0d0,How to Check Linux System Type,2024-12-11 11:07:33.511443+00:00,2024-12-12 07:10:04.458510+00:00,72149.383427,4,97,741
6cf995ec-3133-4992-b5e1-f7d6de85a028,Shoe Size Conversion: Europe to US,2024-12-02 04:47:37.366641+00:00,2024-12-02 04:47:43.248510+00:00,0.0,2,8,96
f16fac14-80b8-41d4-a359-87a1200deaab,Safely Delete a Folder by Date in Linux,2024-12-11 09:28:14.701046+00:00,2024-12-11 09:29:22.450047+00:00,67.081169,4,54,848
4830205a-115f-436b-8d38-968d5f4ab6a0,Autumn Winds and Changing Times,2024-12-03 01:46:01.952552+00:00,2024-12-03 01:46:10.271855+00:00,6.729521,2,23,315
8857ea24-5b69-402c-90ba-e8c724707e06,Converting 15 Billion USD to BTC,2024-12-05 08:40:18.064400+00:00,2024-12-05 08:43:09.965024+00:00,168.148877,4,43,213
3e2078e9-019b-440f-8d3e-1dd2e513ed1f,Addressing Relatives in Chinese,2024-11-28 06:53:42.880425+00:00,2024-11-28 06:53:50.615694+00:00,0.0,2,8,65
42abe485-03e7-4f2e-ab98-044a3bd20369,Ignoring .pyc Files in Tree Command,2024-12-05 09:22:21.666777+00:00,2024-12-09 08:39:20.238865+00:00,342986.373734,4,729,585
26086255-aa54-4087-a40d-915b41517107,Optimizing URL Link Detection,2024-11-28 07:51:34.083030+00:00,2024-11-28 07:53:05.508125+00:00,46.229745,3,77,913
6eadb33d-daa7-4c36-bd53-75e99c8e2af3,Optimizing Prompt Output Format for Academic Paper Analysis,2024-12-02 03:38:14.392211+00:00,2024-12-02 03:40:25.570674+00:00,114.302526,4,645,2066
ed709ae5-05b4-4dd1-b155-5e412d09ab6f,Rendering Remote PDF Links with pdf.js,2024-11-27 11:41:30.138644+00:00,2024-11-27 11:41:42.118245+00:00,0.0,2,16,398
72cda350-31a2-46a9-a16a-80aac21a722e,Parsing PDF Research Papers,2024-12-10 07:10:57.524926+00:00,2024-12-10 08:25:36.279601+00:00,4453.712145,8,1792,3815
00045a61-4991-4ca1-b3c8-c457a8f8e5a9,Deciphering Gibberish Text,2024-11-28 02:47:51.398752+00:00,2024-11-28 02:48:01.234109+00:00,0.0,2,49,125
2258888a-f8d8-481d-9e5c-12bed59dfbe8,Curl Command for ChatGPT-style API,2024-11-27 08:09:29.535190+00:00,2024-11-27 08:54:57.267489+00:00,2720.62405,3,38,522
391a4546-a7f7-4b67-8470-e3d8711e4bf2,Refactoring Code to Handle List Fields,2024-11-25 02:57:52.984821+00:00,2024-11-25 02:58:06.999261+00:00,0.0,2,157,416
4285dc30-7d4d-45f9-bda9-a02ee4f5723d,Insights from Extensive Reading,2024-12-16 12:01:14.773696+00:00,2024-12-16 12:30:10.591504+00:00,1734.961838,14,1083,3647
6f7751a4-8214-4867-a8da-abf50813c208,Basics of Squash Rules,2024-11-24 03:02:03.459757+00:00,2024-11-24 03:02:18.257425+00:00,0.0,2,3,485
23c47a34-2c95-4475-a49b-a7c962b28288,ArXiv URL Parser Implementation,2024-11-29 03:07:32.315017+00:00,2024-11-29 06:34:40.216496+00:00,12410.602494,7,1102,4610
64f6c705-d1c9-424d-a385-046ecbd346e1,Implementing Spatial Data Analysis with GeoPandas,2024-11-27 09:45:51.915943+00:00,2024-11-28 03:20:57.734809+00:00,63282.362669,7,951,2228
76041f57-b53c-4ec3-9014-1027e7be9270,Deduplicating Data in Elasticsearch,2024-11-27 05:30:54.807365+00:00,2024-11-27 05:58:30.814128+00:00,1652.469151,6,1127,2495
e5f3139e-df07-4933-9ea7-e95f3958a7c6,Converting Python ElasticSearch code to curl command,2024-11-20 07:00:06.787973+00:00,2024-11-20 08:05:16.984966+00:00,3899.288942,4,238,2034
0454161e-8d4e-4919-a657-66ab7f41511f,Deleting an Elasticsearch Index,2024-11-22 06:13:49.532376+00:00,2024-11-22 07:49:20.924928+00:00,5722.446626,9,2720,3204
205ed0f5-e024-4556-af7d-eb6281c4cb3a,Retaining Key Concepts in Mind Map Summaries,2024-11-21 03:37:24.640025+00:00,2024-11-21 06:59:54.435765+00:00,12136.209014,9,3298,5045
e6985468-c7aa-4c4c-b67a-2b87d05428d3,Optimizing Elasticsearch Search for Relevant Paper Content,2024-11-21 11:16:28.883595+00:00,2024-11-21 12:02:04.671745+00:00,2710.455263,17,2948,8360
d9628f4f-3257-4de9-b8d5-839d2748eb29,Optimizing Asynchronous API Calls to Avoid UI Freezing,2024-12-02 11:15:12.308713+00:00,2024-12-04 07:30:07.135223+00:00,159274.429871,5,973,3072
16c38791-64b9-4790-bd6c-085241ad8ed6,Troubleshooting SSH Connection Drops,2024-11-30 05:11:28.924702+00:00,2024-11-30 05:11:41.107597+00:00,0.0,2,9,281
f0eb91bc-9bdf-40b3-841b-5fc5fdf76938,Deciphering a Corporate Announcement,2024-12-19 11:48:57.988089+00:00,2024-12-19 11:50:09.968021+00:00,70.549535,3,12,581
d81eaa5c-b8e3-428a-b012-e63f971b0de4,Fixing Elasticsearch Sync Script for ES6,2024-11-26 03:47:02.680412+00:00,2024-11-26 04:00:45.332731+00:00,800.785876,7,453,3420
7873669b-a510-4cc1-9d33-30a9569e6dbc,Concurrent Evaluation of Multiple NLP Models,2024-11-30 06:34:55.794954+00:00,2024-11-30 08:03:23.961454+00:00,5279.77509,6,90,4294
e953e08e-8f90-4935-8a56-183f8a74d984,Outlining Key Points from Work Experience,2024-12-23 14:22:10.785672+00:00,2024-12-23 14:58:05.450914+00:00,2152.826991,9,1511,2615
f01c6b11-af41-4c7a-9ee5-8d53bd01e190,Automated Paper Theme Clustering,2024-12-25 08:17:16.759958+00:00,2024-12-26 03:53:57.668157+00:00,70600.036688,15,2967,6650
7028923e-d886-4943-9129-f0f622b113cd,Resume Optimization for LLM and TTS Expert,2024-12-23 14:10:18.693194+00:00,2024-12-23 14:15:13.792827+00:00,294.356556,4,57,3786
16270569-9dce-4bdb-a092-c7de62480653,"Songwriter of ""Witness Your Last Jump""",2024-11-19 12:37:44.312657+00:00,2024-11-19 12:38:15.608227+00:00,27.143928,3,15,182
9c5d2f52-e2cd-4269-8caa-d592a8826671,Troubleshooting Python variable scope issue,2024-12-16 05:53:55.541458+00:00,2024-12-16 08:40:02.099171+00:00,9965.478145,8,178,2025
60b13a03-6006-4996-b8e2-88c394614b84,Troubleshooting Redirect URL Encoding Issues,2024-12-11 09:06:48.556757+00:00,2024-12-11 11:47:37.581219+00:00,9648.190243,5,160,1488
66f30011-8a7a-4dbb-ac59-c2c4d74b37c6,Deciphering Handwritten Korean Notes,2024-12-25 08:10:04.624854+00:00,2024-12-25 08:10:26.542533+00:00,20.83697,3,12,331
e3fd3435-d92e-4e4c-ba8c-95b3d1fe4c01,Summarizing a Retirement Pension Decision Tree,2024-12-19 07:45:01.477369+00:00,2024-12-19 07:48:45.865291+00:00,222.96492,3,26,819
f7b0ce7a-2cb3-4892-9957-52cf70d9fd06,Syncing Elasticsearch Data Between Databases,2024-11-26 03:04:19.922556+00:00,2024-11-26 03:37:57.494838+00:00,1989.279163,6,3082,9222
2388c116-2803-4302-8fd1-eabba6480ee2,Troubleshooting Socket Proxy Configuration on Ubuntu,2024-12-14 11:53:41.260115+00:00,2024-12-14 11:53:55.965527+00:00,12.818029,2,8,377
ec9aff75-93e5-487f-9386-68b8b9bf8650,Generating arXiv Citation Formats in Python,2024-12-25 06:39:13.707112+00:00,2024-12-25 07:42:43.100068+00:00,3808.443942,13,1049,8645
ebb5fda7-18e4-4cd1-b51e-0fca07613736,Guessing Game: Pick a Number,2024-12-23 12:49:10.192352+00:00,2024-12-23 13:11:45.472177+00:00,1354.765099,13,251,1634
195d6dbe-5f54-4cf4-a2de-1248d24bef21,Troubleshooting PDF Link Retrieval Issues,2024-12-02 09:03:16.062368+00:00,2024-12-02 09:40:33.697966+00:00,2225.343051,8,2095,4256
6d246b74-1431-45f0-a2c7-9eb246a25b90,Accessing Restricted Research Paper,2024-11-29 08:26:12.199538+00:00,2024-11-29 09:22:41.843113+00:00,3384.734245,8,240,2744
788ee9a8-1e5e-4980-a78b-fccdbc0addfd,Analyzing Military Missile Threat Map,2024-11-26 02:55:25.930102+00:00,2024-11-26 02:55:35.063632+00:00,0.0,2,7,207
38a6b8e0-115b-4850-8eb6-efa0c8c81587,"How to Properly Enjoy a Japanese ""Super DRY"" Beer",2024-11-17 03:31:01.826772+00:00,2024-11-17 03:31:38.348955+00:00,29.267077,3,10,452
e9417d4b-f60a-4cb6-be02-8674ff5870b5,Troubleshooting Script Execution Issues and External Calls,2024-12-09 08:55:18.453867+00:00,2024-12-09 09:05:15.890873+00:00,560.807623,5,2384,5569
0c7187f1-2b92-4df5-80e4-5d58fc05e1e0,Intelligent Agricultural Land Analysis Assistant,2024-11-26 08:35:34.067181+00:00,2024-11-27 03:28:49.350384+00:00,67982.426636,11,892,10246
3dd08154-f627-4f83-bc22-c846c238f8fb,Troubleshooting Google Scholar PDF Redirects in Chrome Plugin,2024-11-18 08:48:19.015954+00:00,2024-11-18 09:32:51.099613+00:00,2646.266192,13,1787,15007
9a18784b-876f-4cc4-9edd-46fa18611055,Comparing Sizes of Orange Circles,2024-12-23 07:42:47.211443+00:00,2024-12-23 07:42:52.983460+00:00,3.529717,2,8,59
be72d5c3-7ae0-4b02-b314-f5fea19652a0,Improving arXiv Access Speed,2024-12-11 06:52:43.906647+00:00,2024-12-11 07:15:10.681114+00:00,1345.451264,14,148,3650
2ab84dd7-9a57-4284-83f8-cd230614778e,Improving Relevance of Neural Text Normalization Search Results,2024-12-13 07:00:21.858288+00:00,2024-12-13 09:00:28.241815+00:00,7204.675817,9,701,6821
a6f8153e-1dd8-4341-85e4-1bb6f5d7d60b,Analyzing the Reasons Behind a Stock's Price Surge,2024-11-21 03:14:06.525548+00:00,2024-11-21 03:14:29.227460+00:00,0.0,2,8,392
b3fbad8b-d910-49be-9223-62e2caaa0d0e,Testing Regex Parser on Local Machine,2024-12-02 07:26:33.985089+00:00,2024-12-02 07:32:26.442760+00:00,343.369514,5,457,1259
ec20c6c4-538a-4f00-bc98-826b10dd79e2,Evaluating Layout and Visualization of Technical Content,2024-11-19 08:41:10.414789+00:00,2024-11-19 08:43:14.745742+00:00,112.219605,4,39,2372
f229923d-a65d-4605-8685-6f0bd1d1f8bf,Improving Elasticsearch Relevance Matching for Paper Content Retrieval,2024-11-21 12:04:25.385123+00:00,2024-11-22 03:59:06.150364+00:00,57268.384526,14,3211,6160
831e061f-606e-4295-a0b5-d8581b305c68,Refactor Duplicate Paper Content Query Functions,2024-11-25 03:43:01.343197+00:00,2024-11-25 06:42:01.360939+00:00,10706.172082,7,4147,8681
bfd68d5a-1bfb-4530-aed7-10e7cff54a89,Meme Depicting Humorous Medical Payment Scenario,2024-11-19 05:21:08.463188+00:00,2024-11-19 05:21:18.235754+00:00,0.0,2,5,279
3a461651-6085-4841-a674-32e066f36643,Investigating Incomplete Data Migration from ES-Version6 to ES-Version3,2024-11-26 06:31:49.534218+00:00,2024-11-26 07:12:39.141105+00:00,2422.683493,5,996,4745
b49c8c7b-2938-4000-ab17-ebf0eed4282c,Le Cave de Montrachet Wine Shop,2024-11-24 08:32:29.958066+00:00,2024-11-24 08:32:36.601860+00:00,0.0,2,5,151
cd6cb2c1-0e47-401e-86b0-c8f4f186fc8c,Experiencing the Human Experience,2024-12-11 03:35:16.060082+00:00,2024-12-11 03:46:30.449251+00:00,672.76246,10,173,3076
b70ae74b-f8cf-4344-91b7-47dd8d4ba987,Optimizing a Prompt for Summarizing Academic Paper Sections,2024-12-24 10:00:45.014465+00:00,2024-12-25 03:25:54.248547+00:00,62706.891425,9,8526,4224
e9b2904e-66a4-4d1d-b08d-00523a635683,Optimizing Prompt to Merge Fragmented Technical Terms,2024-11-20 08:25:14.070360+00:00,2024-11-20 09:53:10.160387+00:00,5264.403412,4,459,1323
8e99e5ba-8d1a-4916-a73a-ec110f3b3036,Describing Colors to the Blind,2024-12-23 01:45:42.848209+00:00,2024-12-23 01:47:02.598524+00:00,79.130386,3,24,466
a6e93192-ab54-4c00-a5d9-ebf1696e80ad,Installing Docker on Arch Linux,2024-11-30 11:13:54.696364+00:00,2024-11-30 11:18:37.981027+00:00,276.247012,6,17,1247
5fd00794-83bf-4ea1-af43-fe20aa40c453,Troubleshooting a Problematic Python Script vs. Successful cURL Command,2024-12-12 02:27:52.882324+00:00,2024-12-12 06:36:51.889788+00:00,14934.026963,10,1032,4196
2da8785a-8bdb-4627-8af7-30c454d8075e,Automating Google Scholar to Sci-Hub PDF Redirects,2024-11-18 09:49:31.723289+00:00,2024-11-18 11:19:09.774982+00:00,5323.654194,6,632,4123
88e3b969-acec-4f51-88f2-aa458f323550,Solving a Complex Integral,2024-12-10 17:26:41.338383+00:00,2024-12-10 17:27:35.955735+00:00,39.319447,3,13,713
9de927b8-a16e-4c18-bee9-3e3b78c57e82,Troubleshooting URL Parser Service Request,2024-11-28 07:08:19.478487+00:00,2024-11-28 07:49:41.344122+00:00,2467.50528,9,871,2708
93843347-c707-44c2-ab2d-9081206dbe8c,Analyzing Sci-Hub URL Responses,2024-11-18 08:06:05.241170+00:00,2024-11-18 08:28:33.590418+00:00,1336.086206,7,687,7101
a0d4f7a9-866f-4d41-bd77-0e2b34924b8f,Designing a Scalable Data Processing Service,2024-12-04 09:46:50.698911+00:00,2024-12-04 12:07:20.278008+00:00,8414.521612,7,386,8172
db71c14e-fc12-4b17-9267-4568be9b96cd,Treating Cat Scratch Wounds,2024-12-20 09:28:18.166492+00:00,2024-12-20 09:30:50.264946+00:00,151.469786,5,45,942
e4180b57-c4cc-4066-945e-8e916616d57b,Troubleshooting Sci-Hub URL Access Issues,2024-11-18 09:35:11.649001+00:00,2024-11-18 09:44:54.798714+00:00,556.141437,7,1112,8150
9cb8af03-c55a-4700-86ce-8e901366371f,Refactoring Arxiv Paper Search by Category,2024-11-22 08:01:00.499875+00:00,2024-11-22 09:50:40.711763+00:00,6556.942549,20,4241,11514
c15dd60b-866d-4dda-bbc5-348348f9d9ef,Provide PDF Preview or Sci-Hub Access Button,2024-11-15 11:17:20.651577+00:00,2024-11-18 08:46:05.129720+00:00,249899.845812,10,824,13167
a04f279f-1106-44e3-b52a-eb73158957ab,AI Coding Prowess: Speed and Precision,2024-12-26 03:10:20.342761+00:00,2024-12-26 03:10:27.004479+00:00,5.215592,2,30,148
e5e953d1-facb-435d-90ef-18513acd2ae1,Implementing Robust Citation Handling in Prompts,2024-12-26 06:45:39.848287+00:00,2024-12-26 06:45:52.406108+00:00,10.376014,2,331,438
d9931ca5-bd42-48e6-9698-bbf0563cea2f,Recent Advancements in Retrieval-Augmented Generation (RAG) Technology,2024-12-26 06:23:15.922271+00:00,2024-12-26 06:24:57.959484+00:00,101.150255,3,2621,993
f199079a-e217-4187-862c-96589d833d7f,Optimizing JSON Output for Research Themes,2024-12-26 06:31:49.437844+00:00,2024-12-26 06:32:47.199094+00:00,57.032983,3,490,569
aa22c9f6-dfd6-4eeb-a643-e68aa361909d,Converting Mach Speed to Kilometers per Hour,2024-12-27 07:39:28.377343+00:00,2024-12-27 07:39:35.198127+00:00,4.021279,2,9,108
be602619-d872-454b-b56e-030fd74476c7,Innocent Young Love,2024-12-27 08:59:29.812040+00:00,2024-12-27 08:59:35.707007+00:00,2.902185,2,46,61
d776c52c-6df1-4df1-aebd-025f1362eb81,Optimizing Reference Checking Prompt,2024-12-26 07:39:05.201612+00:00,2024-12-26 07:47:23.983458+00:00,497.619715,4,764,1842
aade4b52-a0f0-4ace-8e39-349d8ca06bb0,Analyzing Prompt Issues Causing Incorrect Citation Formatting,2024-12-26 09:52:28.337977+00:00,2024-12-27 06:23:45.748787+00:00,73876.674506,4,2521,1598
e90ee84d-4e4d-400d-9f68-a7eae8f0fabf,Viewing Git Commit Details,2024-12-30 11:07:02.736152+00:00,2024-12-30 11:07:33.325373+00:00,29.787419,3,98,396
1cf55449-04eb-48df-8514-e51b4fc6231a,Dispelling Myths: Dental Cleanings and HIV Transmission,2024-12-26 02:56:24.198816+00:00,2024-12-26 02:56:33.736786+00:00,6.620821,2,11,216
3504acd0-f705-4c9a-b78b-7df49d124883,Optimizing Prompt for Generating Structured Technical Summaries,2024-12-31 09:14:18.170550+00:00,2024-12-31 09:16:40.900213+00:00,141.547301,4,1033,1523
227d7492-c9f3-4398-a55a-48d535870914,Cherishing and Comforting Song by Li Zhi and Shao Yi Bei,2024-12-25 10:20:28.692348+00:00,2024-12-25 10:20:34.998677+00:00,3.634716,2,38,68
6c8a1ee9-5e9b-42e3-a528-080005de50ce,"Detailed Portrait of a Caring, Thoughtful Man",2024-12-30 02:26:36.094658+00:00,2024-12-30 07:18:23.566017+00:00,17506.483189,5,299,973
fa7a86a2-555c-46ef-88b6-a24d54f560bf,Formatting Conversation Excerpts,2024-12-27 09:01:20.809763+00:00,2024-12-27 09:22:54.954706+00:00,1293.269583,6,73,396
b8dc39cb-f18c-408c-9b7a-8c2fa568ffac,Optimizing Annual Performance Review Summary,2024-12-28 08:04:37.730122+00:00,2024-12-28 08:54:38.387250+00:00,2999.825793,6,999,2355
db67c5f0-8528-41e6-a105-507779c56fc6,Poetic Rhyme for Shared Experiences,2024-12-30 14:33:52.855291+00:00,2024-12-30 14:34:10.976067+00:00,17.387217,3,38,345
dd221055-42f8-46c9-b12d-d0d959a3a244,Optimizing Paper Index Handling,2024-12-26 08:32:50.797610+00:00,2024-12-26 08:34:59.631591+00:00,127.74206,3,47,668
56861c83-3278-4475-a659-617385d5fc4d,Elegant Solution for Automating Citation Formatting,2024-12-30 09:57:25.078344+00:00,2024-12-31 08:46:13.908706+00:00,82127.8813,15,3051,5174
8b1f5c11-ebcf-46d7-b182-8feef747e286,Generating arXiv-style Citations from Paper Metadata,2024-12-31 03:49:13.353427+00:00,2024-12-31 06:37:11.781995+00:00,10077.525369,4,1119,1564
